,names,smiles,kOH
0,5-Methylfuran-2-carbaldehyde,Cc1oc(C=O)cc1,7200000000.0
1,"(2,2-dimethyl-3H-1-benzofuran-7-yl) N-methylcarbamate",CNC(=O)Oc1cccc2CC(C)(C)Oc12,3200000000.0
2,"(2S,5R,6R)-3,3-dimethyl-7-oxo-6-[(2-phenylacetyl)amino]-4-thia-1-azabicyclo[3.2.0]heptane-2-carboxylic acid",CC1(C)S[C@@H]2[C@H](NC(=O)Cc3ccccc3)C(=O)N2[C@H]1C(O)=O,7940000000.0
3,"2,2,2-TRIFLUOROETHANOL",OCC(F)(F)F,230000000.0
4,"N'-ethyl-6-methylsulfanyl-N-propan-2-yl-1,3,5-triazine-2,4-diamine",CCNc1nc(NC(C)C)nc(SC)n1,26000000000.0
5,2-Hydroxybutanedioic acid,OC(CC(O)=O)C(O)=O,820000000.0
6,propanedioic acid,OC(=O)CC(O)=O,24000000.0
7,PHENOL,Oc1ccccc1,6170000000.0
8,"2-Methyl-1,3,5-trinitrobenzene",Cc1c(cc(cc1[N+]([O-])=O)[N+]([O-])=O)[N+]([O-])=O,430000000.0
9,2-Aminoacetamide,NCC(N)=O,2800000000.0
10,"1,3,7-trimethylpurine-2,6-dione",Cn1cnc2N(C)C(=O)N(C)C(=O)c12,6900000000.0
11,"1-Methyl-2,4-dinitrobenzene",Cc1ccc(cc1[N+]([O-])=O)[N+]([O-])=O,1410000000.0
12,4-Methylphenol,Cc1ccc(O)cc1,11100000000.0
13,FORMATE,[O-]C=O,3480000000.0
14,"N,N-Diethylethanamine",CCN(CC)CC,10000000000.0
15,"1,2,3,4,5,6-hexamethylbenzene",Cc1c(C)c(C)c(C)c(C)c1C,7200000000.0
16,"1,2-Dimethoxybenzene",COc1ccccc1OC,5200000000.0
17,propanal,CCC=O,2200000000.0
18,octane,CCCCCCCC,9100000000.0
19,39400-80-1,ClC1CC2C(C1Cl)C3(Cl)C(=C(Cl)C2(Cl)C3(Cl)Cl)Cl,8800000000.0
20,N-(4-Hydroxyphenyl)acetamide,CC(=O)Nc1ccc(O)cc1,9750000000.0
21,1-bromo-2-chloroethyne,ClCCBr,4500000000.0
22,"1,3-Dimethylthiourea",CNC(=S)NC,1200000000.0
23,1-Chloro-4-methylbenzene,Cc1ccc(Cl)cc1,5500000000.0
24,methane,C,120000000.0
25,2-(phenoxy)acetic acid,OC(=O)COc1ccccc1,10000000000.0
26,"1-chloro-2,4-dinitrobenzene",[O-][N+](=O)c1ccc(Cl)c(c1)[N+]([O-])=O,813000000.0
27,138199-71-0,O.C[C@H]1COc2c(N3CCN(C)CC3)c(F)cc4C(=O)C(=CN1c24)C(O)=O.C[C@H]5COc6c(N7CCN(C)CC7)c(F)cc8C(=O)C(=CN5c68)C(O)=O,7590000000.0
28,N-Methylpropanamide,CCC(=O)NC,1400000000.0
29,di(phenyl)diazene,c1ccc(cc1)N=Nc2ccccc2,20000000000.0
30,1-cyclopropyl-7-(4-ethylpiperazin-1-yl)-6-fluoro-4-oxoquinoline-3-carboxylic acid,CCN1CCN(CC1)c2cc3N(C=C(C(O)=O)C(=O)c3cc2F)C4CC4,7940000000.0
31,"4-amino-N-(4,6-dimethylpyrimidin-2-yl)benzenesulfonamide",Cc1cc(C)nc(N[S](=O)(=O)c2ccc(N)cc2)n1,8320000000.0
32,"1,2,3,4,5,6-hexafluorobenzene",Fc1c(F)c(F)c(F)c(F)c1F,1400000000.0
33,2-Bromoethanol,OCCBr,347000000.0
34,3-(4-hydroxyphenyl)prop-2-enoic acid,OC(=O)/C=C/c1ccc(O)cc1,2530000000.0
35,Butan-2-ol,CCC(C)O,3500000000.0
36,"N,N'-diethyl-6-methylsulfanyl-1,3,5-triazine-2,4-diamine",CCNc1nc(NCC)nc(SC)n1,26000000000.0
37,3-Nitrophenol,Oc1cccc(c1)[N+]([O-])=O,5010000000.0
38,BENZENESULFONIC ACID,O[S](=O)(=O)c1ccccc1,1100000000.0
39,Benzo[a]pyrene,c1ccc2c(c1)cc3ccc4cccc5ccc2c3c45,933000000.0
40,"(2S,3S)-2,3-dihydroxybutanedioic acid",O[C@@H]([C@H](O)C(O)=O)C(O)=O,700000000.0
41,Methanediol,OCO,1300000000.0
42,"6-methoxy-N,N'-di(propan-2-yl)-1,3,5-triazine-2,4-diamine",COc1nc(NC(C)C)nc(NC(C)C)n1,2820000000.0
43,1-naphthalen-1-yloxy-3-(propan-2-ylamino)propan-2-ol,CC(C)NCC(O)COc1cccc2ccccc12,10700000000.0
44,"4-chlorobenzene-1,2-diol",Oc1ccc(Cl)cc1O,7000000000.0
45,METHOXYMETHYLBENZENE,COCc1ccccc1,12000000000.0
46,Heptan-1-ol,CCCCCCCO,7400000000.0
47,"(2Z,4S,4aS,5aS,6S,12aS)-2-(amino-hydroxymethylidene)-4-dimethylamino-6,10,11,12a-tetrahydroxy-6-methyl-4,4a,5,5a-tetrahydrotetracene-1,3,12-trione",CN(C)[C@H]1[C@@H]2C[C@H]3C(=C(O)c4c(O)cccc4[C@@]3(C)O)C(=O)[C@]2(O)C(=O)\C(=C(N)/O)C1=O,8130000000.0
48,"bis(2-ethylhexyl) benzene-1,2-dicarboxylate",CCCCC(CC)COC(=O)c1ccccc1C(=O)OCC(CC)CCCC,339000000.0
49,"1,4-Dimethylbenzene",Cc1ccc(C)cc1,7000000000.0
50,4-Chloro-2-methoxyphenol,COc1cc(Cl)ccc1O,6370000000.0
51,Pentan-1-ol,CCCCCO,3850000000.0
52,"Pentane-1,5-diol",OCCCCCO,3600000000.0
53,Butyl acetate,CCCCOC(C)=O,1800000000.0
54,"1,2-Dichloropropane",CC(Cl)CCl,380000000.0
55,naphthalen-2-ol,Oc1ccc2ccccc2c1,13000000000.0
56,"2,3,4,5,6-PENTAFLUOROANILINE",Nc1c(F)c(F)c(F)c(F)c1F,9600000000.0
57,"2,3,4,5,6-Pentafluorophenol",Oc1c(F)c(F)c(F)c(F)c1F,9500000000.0
58,"[2-(3,5-dihydroxyphenyl)-2-hydroxyethyl]-[1-(4-hydroxyphenyl)propan-2-yl]azanium bromide",[Br-].CC(Cc1ccc(O)cc1)[NH2+]CC(O)c2cc(O)cc(O)c2,3890000000.0
59,355120-85-3,S=C=S,8000000000.0
60,"2,3,5,6-tetrafluorobenzene-1,4-diol",Oc1c(F)c(F)c(O)c(F)c1F,3100000000.0
61,N-[(5-nitrofuran-2-yl)methylideneamino]oxamide,NC(=O)C(=O)N/N=C/c1oc(cc1)[N+]([O-])=O,10000000000.0
62,2-Methylpropanamide,CC(C)C(N)=O,1600000000.0
63,N-Phenylacetamide,CC(=O)Nc1ccccc1,5200000000.0
64,but-3-enenitrile,C=CCC#N,6880000000.0
65,"O1-butyl O2-(phenylmethyl) benzene-1,2-dicarboxylate",CCCCOC(=O)c1ccccc1C(=O)OCc2ccccc2,3980000000.0
66,[5-(hydroxymethyl)furan-2-yl]methanol,OCc1oc(CO)cc1,5800000000.0
67,bromo-chloromethane,ClCBr,2500000000.0
68,1-Chloro-2-methylbenzene,Cc1ccccc1Cl,6500000000.0
69,"Ethane-1,2-diol",OCCO,1800000000.0
70,"2-Methyl-1,3-dioxolane",CC1OCCO1,3500000000.0
71,"1,2,4-Trifluorobenzene",Fc1ccc(F)c(F)c1,3900000000.0
72,S-ethyl (dipropylamino)methanethioate,CCCN(CCC)C(=O)SCC,4790000000.0
73,Hexane,CCCCCC,6600000000.0
74,"(3E)-3-[hydroxy-(pyridin-2-ylamino)methylidene]-2-methyl-1,1-dioxobenzo[e]thiazin-4-one",CN1C(=C(/O)Nc2ccccn2)/C(=O)c3ccccc3[S]1(=O)=O,17000000000.0
75,2-Methylbutane,CCC(C)C,5200000000.0
76,1-Chloro-2-(chloromethyl)benzene,ClCc1ccccc1Cl,4100000000.0
77,4-amino-N-(4-methylpyrimidin-2-yl)benzenesulfonamide,Cc1ccnc(N[S](=O)(=O)c2ccc(N)cc2)n1,7760000000.0
78,2-(bis(carboxymethyl)amino)acetic acid,OC(=O)CN(CC(O)=O)CC(O)=O,2100000000.0
79,"2,4,6-Trimethoxy-1,3,5-triazine",COc1nc(OC)nc(OC)n1,206000000.0
80,1-Methylimidazole,Cn1ccnc1,8100000000.0
81,HEPTANE,CCCCCCC,7700000000.0
82,"1,3,5-Trioxane",C1OCOCO1,1500000000.0
83,Fluorobenzene,Fc1ccccc1,5700000000.0
84,"2,3,4,6-Tetrachlorophenol",Oc1c(Cl)cc(Cl)c(Cl)c1Cl,3680000000.0
85,Methanamine,CN,5700000000.0
86,"3-(3,4-Dichlorophenyl)-1-methoxy-1-methylurea",CON(C)C(=O)Nc1ccc(Cl)c(Cl)c1,6460000000.0
87,methanol,CO,830000000.0
88,"2,2-dichloroacetate",[O-]C(=O)C(Cl)Cl,100000000.0
89,prop-2-enamide,NC(=O)C=C,4740000000.0
90,2-chloroacetic acid,OC(=O)CCl,43000000.0
91,"2,4-Dinitrophenol",Oc1ccc(cc1[N+]([O-])=O)[N+]([O-])=O,2290000000.0
92,N-[(5-nitrofuran-2-yl)methylidene]hydroxylamine,O/N=C/c1oc(cc1)[N+]([O-])=O,10000000000.0
93,"1-ethyl-6,8-difluoro-7-(3-methylpiperazin-1-yl)-4-oxoquinoline-3-carboxylic acid",CCN1C=C(C(O)=O)C(=O)c2cc(F)c(N3CCNC(C)C3)c(F)c12,8130000000.0
94,"1,4-Dithiane",C1CSCCS1,18000000000.0
95,Decanedioic acid,OC(=O)CCCCCCCCC(O)=O,6400000000.0
96,1-propylsulfinylpropane,CCC[S](=O)CCC,6300000000.0
97,prop-1-ene,CC=C,7000000000.0
98,N-butylbutan-1-amine,CCCCNCCCC,18000000000.0
99,"(8R,9S,13S,14S,17R)-17-ethynyl-13-methyl-7,8,9,11,12,14,15,16-octahydro-6H-cyclopenta[a]phenanthrene-3,17-diol",C[C@]12CC[C@H]3[C@@H](CCc4cc(O)ccc34)[C@@H]1CC[C@@]2(O)C#C,4900000000.0
100,tributoxy-hydroxyphosphanium,CCCCO[P](=O)(OCCCC)OCCCC,6460000000.0
101,"HEXANE-1,6-DIOL",OCCCCCCO,4700000000.0
102,"1,2,4-Trimethylbenzene",Cc1ccc(C)c(C)c1,6200000000.0
103,[(2-methyl-2-methylsulfanylpropylidene)amino] N-methylcarbamate,CNC(=O)O\N=C\C(C)(C)SC,8130000000.0
104,"2,3,5,6-tetrafluorocyclohexa-2,5-diene-1,4-dione",FC1=C(F)C(=O)C(=C(F)C1=O)F,3900000000.0
105,"1,1,3,3-Tetramethylthiourea",CN(C)C(=S)N(C)C,8000000000.0
106,"2,6-ditert-butyl-4-methylphenol",Cc1cc(c(O)c(c1)C(C)(C)C)C(C)(C)C,3240000000.0
107,"2-[2-[(2,6-dichlorophenyl)amino]phenyl]acetic acid",OC(=O)Cc1ccccc1Nc2c(Cl)cccc2Cl,9330000000.0
108,"(2S,3S,4S,5R)-2,3,4,5-tetrahydroxy-6-oxohexanoic acid",O[C@@H](C=O)[C@@H](O)[C@H](O)[C@H](O)C(O)=O,1300000000.0
109,Cycloheptane,C1CCCCCC1,7700000000.0
110,Cycloheptanol,OC1CCCCCC1,1700000000.0
111,"(2S,5R,6R)-6-[[(2R)-2-amino-2-(4-hydroxyphenyl)acetyl]amino]-3,3-dimethyl-7-oxo-4-thia-1-azabicyclo[3.2.0]heptane-2-carboxylic acid trihydrate",O.O.O.CC1(C)S[C@@H]2[C@H](NC(=O)[C@H](N)c3ccc(O)cc3)C(=O)N2[C@H]1C(O)=O,6920000000.0
112,1-Nitropropane,CCC[N+]([O-])=O,250000000.0
113,1-butylsulfinylbutane,CCCC[S](=O)CCCC,8000000000.0
114,3-Methylpyridine,Cc1cccnc1,2400000000.0
115,"1,2,3-trichloro-4-methylbenzene",Cc1ccc(Cl)c(Cl)c1Cl,2500000000.0
116,trichloro-nitromethane,[O-][N+](=O)C(Cl)(Cl)Cl,49700000.0
117,methylsulfinylbenzene,C[S](=O)c1ccccc1,9700000000.0
118,"N,2-dimethylpropanamide",CNC(=O)C(C)C,1900000000.0
119,"Propane-1,3-diol",OCCCO,2500000000.0
120,ethyldisulfanylethane,CCSSCC,14000000000.0
121,"2,4,5-Trichlorophenol",Oc1cc(Cl)c(Cl)cc1Cl,12000000000.0
122,methylsulfanylmethane,CSC,19000000000.0
123,"5-CHLORO-2-(2,4-DICHLOROPHENOXY)PHENOL",Oc1cc(Cl)ccc1Oc2ccc(Cl)cc2Cl,6030000000.0
124,naphthalen-1-ol,Oc1cccc2ccccc12,13000000000.0
125,"1,3-dimethyl-7H-purine-2,6-dione",CN1C(=O)N(C)c2nc[nH]c2C1=O,6300000000.0
126,Methylsulfinylmethane,C[S](C)=O,6500000000.0
127,"1,2-dichloroethane",ClCCCl,200000000.0
128,"2,3-Dimethoxyphenol",COc1cccc(O)c1OC,20000000000.0
129,"2,6-dinitro-N,N-dipropyl-4-(trifluoromethyl)aniline",CCCN(CCC)c1c(cc(cc1[N+]([O-])=O)C(F)(F)F)[N+]([O-])=O,1290000000.0
130,4-Hydroxy-3-methoxybenzoic acid,COc1cc(ccc1O)C(O)=O,1470000000.0
131,hydroxy-trimethoxyphosphanium,CO[P](=O)(OC)OC,120000000.0
132,"N,N-dimethylnitrous amide",CN(C)N=O,380000000.0
133,"3-(3-chloro-4-methylphenyl)-1,1-dimethylurea",CN(C)C(=O)Nc1ccc(C)c(Cl)c1,6920000000.0
134,phenolate,[O-]c1ccccc1,9600000000.0
135,"1,2,3,4,5-Pentafluorobenzene",Fc1cc(F)c(F)c(F)c1F,7000000000.0
136,"4-amino-N-(5-methyl-1,2-oxazol-3-yl)benzenesulfonamide",Cc1onc(N[S](=O)(=O)c2ccc(N)cc2)c1,8510000000.0
137,TERT-BUTYL FORMATE,CC(C)(C)OC=O,523000000.0
138,"1,2,3-TRIFLUOROBENZENE",Fc1cccc(F)c1F,3700000000.0
139,"2,4-Dimethylpyridine",Cc1ccnc(C)c1,3100000000.0
140,143984-63-8,CC1CCc2cc(F)cc3C(=O)C(=CN1c23)C(O)=O,8320000000.0
141,2-hydroxy-2-methylpropanal,CC(C)(O)C=O,3000000000.0
142,"1,2-Dibromobenzene",Brc1ccccc1Br,2300000000.0
143,"4-Hydroxy-3,5-dimethoxybenzoic acid",COc1cc(cc(OC)c1O)C(O)=O,1730000000.0
144,"(Z)-1,2-Dichloroethene",Cl\C=C/Cl,3800000000.0
145,2-[4-(2-methylpropyl)phenyl]propanoic acid,CC(C)Cc1ccc(cc1)C(C)C(O)=O,6030000000.0
146,1-Bromo-3-methylbenzene,Cc1cccc(Br)c1,4900000000.0
147,"3,7-dimethylpurine-2,6-dione",Cn1cnc2N(C)C(=O)NC(=O)c12,5800000000.0
148,2-Methoxyethanol,COCCO,1300000000.0
149,"2,3,4,5,6-Pentafluorobenzoic acid",OC(=O)c1c(F)c(F)c(F)c(F)c1F,1100000000.0
150,4-Methylpentan-2-one,CC(C)CC(C)=O,2100000000.0
151,"1,3,5-Trimethoxybenzene",COc1cc(OC)cc(OC)c1,8100000000.0
152,"1,1-Dimethylhydrazine",CN(C)N,16000000000.0
153,4-hydroxybenzoate,Oc1ccc(cc1)C([O-])=O,7670000000.0
154,"(2S)-4-amino-N-[(1R,2S,3S,4R,5S)-5-amino-2-[(2S,3R,4S,5S,6R)-4-amino-3,5-dihydroxy-6-(hydroxymethyl)oxan-2-yl]oxy-4-[(2R,3R,4S,5S,6R)-6-(aminomethyl)-3,4,5-trihydroxyoxan-2-yl]oxy-3-hydroxycyclohexyl]-2-hydroxybutanamide",NCC[C@H](O)C(=O)N[C@@H]1C[C@H](N)[C@@H](O[C@H]2O[C@H](CN)[C@@H](O)[C@H](O)[C@H]2O)[C@H](O)[C@H]1O[C@H]3O[C@H](CO)[C@@H](O)[C@H](N)[C@H]3O,7240000000.0
155,"3,4,5,6-tetrachlorobenzene-1,2-diol",Oc1c(O)c(Cl)c(Cl)c(Cl)c1Cl,7860000000.0
156,1-Bromo-2-methylbenzene,Cc1ccccc1Br,1700000000.0
157,"N,N-diethylnitrous amide",CCN(CC)N=O,699000000.0
158,pyridin-4-amine,Nc1ccncc1,5000000000.0
159,acetate,CC([O-])=O,82200000.0
160,"Butane-2,3-dione",CC(=O)C(C)=O,280000000.0
161,Propan-1-ol,CCCO,2500000000.0
162,"N,N-DIMETHYL-4-NITROSOANILINE",CN(C)c1ccc(cc1)N=O,12500000000.0
163,Ethenol,OC=C,1500000000.0
164,2-(2-hydroxyethylsulfanyl)ethanol,OCCSCCO,20000000000.0
165,N-(4-aminobutyl)-3-(4-hydroxy-3-methoxyphenyl)prop-2-enamide,COc1cc(\C=C\C(=O)NCCCCN)ccc1O,10000000000.0
166,ACETAMIDE,CC(N)=O,190000000.0
167,"disodium (5S,5aR,6S,6aR,7S,9Z,10aS)-9-(amino-hydroxymethylidene)-7-dimethylamino-5,6,10a-trihydroxy-5-methyl-8,10,11-trioxo-5a,6,6a,7-tetrahydrotetracene-1,12-diolate dihydrate",O.O.[Na+].[Na+].CN(C)[C@H]1[C@@H]2[C@@H](O)[C@H]3[C-](C(=O)c4c([O-])cccc4[C@@]3(C)O)C(=O)[C@]2(O)C(=O)\C(=C(N)/O)C1=O,5620000000.0
168,2H-Benzotriazole,[nH]1nc2ccccc2n1,7600000000.0
169,"N,N-Diethyl-3-methylbenzamide",CCN(CC)C(=O)c1cccc(C)c1,4900000000.0
170,2-Methoxy-2-methylbutane,CCC(C)(C)OC,2370000000.0
171,"2-(3,4-dihydroxyphenyl)-3,5,7-trihydroxychromen-4-one",Oc1cc(O)c2C(=O)C(=C(Oc2c1)c3ccc(O)c(O)c3)O,15000000000.0
172,1H-pyridin-4-one,O=C1C=CNC=C1,11000000000.0
173,"1,1,1,2-TETRACHLOROETHANE",ClCC(Cl)(Cl)Cl,180000000.0
174,4-Methylbenzonitrile,Cc1ccc(cc1)C#N,12000000000.0
175,PROPANE,CCC,2950000000.0
176,"(5R)-5-[(1S)-1,2-dihydroxyethyl]-3-hydroxy-4-oxofuran-2-olate",OC[C@H](O)[C@H]1OC(=O)[C-](O)C1=O,6440000000.0
177,dimethoxy-(3-methyl-4-methylsulfanylphenoxy)-sulfanylidenephosphorane,CO[P](=S)(OC)Oc1ccc(SC)c(C)c1,3840000000.0
178,"(2Z,4S,4aS,5aS,6S,12aS)-2-(amino-hydroxymethylidene)-7-chloro-4-dimethylamino-6,10,11,12a-tetrahydroxy-6-methyl-4,4a,5,5a-tetrahydrotetracene-1,3,12-trione hydrochloride",[Cl-].CN(C)[C@H]1[C@@H]2C[C@H]3C(=C(O)c4c(O)ccc(Cl)c4[C@@]3(C)O)C(=O)[C@]2(O)C(=O)\C(=C(N)/O)C1=O.[H+],5250000000.0
179,Nitrobenzene,[O-][N+](=O)c1ccccc1,3890000000.0
180,"cyclohexa-2,5-diene-1,4-dione",O=C1C=CC(=O)C=C1,1200000000.0
181,1-ETHOXY-2-(2-ETHOXYETHOXY)ETHANE,CCOCCOCCOCC,3200000000.0
182,Nitrosobenzene,O=Nc1ccccc1,18000000000.0
183,"Benzene-1,2,4-triol",Oc1ccc(O)c(O)c1,8600000000.0
184,"2,2-difluoroacetate",[O-]C(=O)C(F)F,11000000.0
185,"sodium 6-[(2,6-dimethoxybenzoyl)amino]-3,3-dimethyl-7-oxo-4-thia-1-azabicyclo[3.2.0]heptane-2-carboxylate",[Na+].COc1cccc(OC)c1C(=O)NC2C3SC(C)(C)C(N3C2=O)C([O-])=O,10000000000.0
186,"1,3-Dibromopropane",BrCCCBr,4100000000.0
187,2-Methylfuran,Cc1occc1,19000000000.0
188,5-nitrofuran-2-carbaldehyde,[O-][N+](=O)c1oc(C=O)cc1,5500000000.0
189,4-pyridin-4-ylpyridine,c1cc(ccn1)c2ccncc2,5300000000.0
190,Propylbenzene,CCCc1ccccc1,7500000000.0
191,"N,2,2-trimethylpropanamide",CNC(=O)C(C)(C)C,2400000000.0
192,Benzonitrile,N#Cc1ccccc1,4400000000.0
193,phenylmethanol,OCc1ccccc1,8400000000.0
194,2-Hydroxyethyl acetate,CC(=O)OCCO,910000000.0
195,"(2S,5R,6R)-6-amino-3,3-dimethyl-7-oxo-4-thia-1-azabicyclo[3.2.0]heptane-2-carboxylic acid",CC1(C)S[C@@H]2[C@H](N)C(=O)N2[C@H]1C(O)=O,2400000000.0
196,pentan-3-one,CCC(=O)CC,1400000000.0
197,hexan-1-amine,CCCCCCN,13000000000.0
198,"cyclohexa-1,4-diene",C1C=CCC=C1,7700000000.0
199,"7,8-dimethyl-10-(2,3,4,5-tetrahydroxypentyl)benzo[g]pteridine-2,4-dione",Cc1cc2N=C3C(=O)NC(=O)N=C3N(CC(O)C(O)C(O)CO)c2cc1C,12000000000.0
200,"3,5-Dimethylpyridine",Cc1cncc(C)c1,8000000000.0
201,Pentane,CCCCC,5400000000.0
202,Decane,CCCCCCCCCC,4000000000.0
203,"Pentane-2,4-diol",CC(O)CC(C)O,2300000000.0
204,furan-2-carbaldehyde,O=Cc1occc1,7800000000.0
205,Oxolane,C1CCOC1,2700000000.0
206,2-sulfanylacetic acid,OC(=O)CS,1200000000.0
207,Ethoxyethane,CCOCC,4200000000.0
208,Cyclohexane,C1CCCCC1,6100000000.0
209,"1,3,5-tribromo-2-methoxybenzene",COc1c(Br)cc(Br)cc1Br,3720000000.0
210,"ethane-1,1-diol",CC(O)O,1200000000.0
211,2-(bis(2-hydroxyethynyl)amino)ethynol,OCCN(CCO)CCO,8000000000.0
212,"1,3-DIBROMOBENZENE",Brc1cccc(Br)c1,1900000000.0
213,Propanenitrile,CCC#N,93000000.0
214,3-Ethylpentane,CCC(CC)CC,5900000000.0
215,1-Chloro-3-fluorobenzene,Fc1cccc(Cl)c1,4800000000.0
216,2-Methylphenol,Cc1ccccc1O,10100000000.0
217,1-[4-(2-methoxyethyl)phenoxy]-3-(propan-2-ylamino)propan-2-ol,COCCc1ccc(OCC(O)CNC(C)C)cc1,7240000000.0
218,2-[4-[2-hydroxy-3-(propan-2-ylamino)propoxy]phenyl]acetamide,CC(C)NCC(O)COc1ccc(CC(N)=O)cc1,7080000000.0
219,"1,1,2-trichloroethene",ClC=C(Cl)Cl,2900000000.0
220,2-fluoroacetate,[O-]C(=O)CF,120000000.0
221,"N,N-Diethylhydroxylamine",CCN(O)CC,1300000000.0
222,pyridin-3-ol,Oc1cccnc1,5400000000.0
223,dibromo-chloromethane,ClC(Br)Br,83100000.0
224,Butan-1-ol,CCCCO,4300000000.0
225,N-tert-Butylacetamide,CC(=O)NC(C)(C)C,1100000000.0
226,but-3-en-2-one,CC(=O)C=C,8500000000.0
227,"(2S,3S,4S)-3-(carboxymethyl)-4-prop-1-en-2-ylpyrrolidine-2-carboxylic acid",CC(=C)[C@H]1CN[C@@H]([C@H]1CC(O)=O)C(O)=O,2460000000.0
228,10237-70-4,OC(=O)\C=C/C(O)=O,6000000000.0
229,"3,4-Dihydroxybenzaldehyde",Oc1ccc(C=O)cc1O,8300000000.0
230,Terephthalonitrile,N#Cc1ccc(cc1)C#N,780000000.0
231,"2,3,4,5,6-Pentafluorobenzaldehyde",Fc1c(F)c(F)c(C=O)c(F)c1F,2000000000.0
232,BENZOATE,[O-]C(=O)c1ccccc1,6200000000.0
233,pyridine-4-carboxamide,NC(=O)c1ccncc1,1600000000.0
234,Acetonitrile,CC#N,22000000.0
235,2-pyridin-2-ylpyridine,c1ccc(nc1)c2ccccn2,6200000000.0
236,5-bromofuran-2-carbaldehyde,Brc1oc(C=O)cc1,3900000000.0
237,1-(4-nitrophenyl)ethanone,CC(=O)c1ccc(cc1)[N+]([O-])=O,3300000000.0
238,"5-[(3,4,5-trimethoxyphenyl)methyl]pyrimidine-2,4-diamine",COc1cc(Cc2cnc(N)nc2N)cc(OC)c1OC,8320000000.0
239,methyl 2-sulfanylacetate,COC(=O)CS,18000000000.0
240,"3,4-Dihydroxybenzoic acid",OC(=O)c1ccc(O)c(O)c1,670000000.0
241,4-Chlorophenol,Oc1ccc(Cl)cc1,9300000000.0
242,72-20-8,ClC1=C(Cl)C2(Cl)C3C4CC(C5OC45)C3C1(Cl)C2(Cl)Cl,1050000000.0
243,but-2-enoic acid,C/C=C/C(O)=O,4910000000.0
244,N-Phenylhydroxylamine,ONc1ccccc1,15000000000.0
245,4-(4-aminophenyl)aniline,Nc1ccc(cc1)c2ccc(N)cc2,15000000000.0
246,"1-methoxy-4-[2,2,2-trichloro-1-(4-methoxyphenyl)ethyl]benzene",COc1ccc(cc1)C(c2ccc(OC)cc2)C(Cl)(Cl)Cl,3890000000.0
247,"N,N'-bis(2,3-dihydroxypropyl)-5-[(2-hydroxyacetyl)-methylamino]-2,4,6-triiodobenzene-1,3-dicarboxamide",CN(C(=O)CO)c1c(I)c(C(=O)NCC(O)CO)c(I)c(C(=O)NCC(O)CO)c1I,2510000000.0
248,2-Bromopyridine,Brc1ccccn1,2400000000.0
249,NAPHTHALENE,c1ccc2ccccc2c1,9230000000.0
250,"ethane-1,2-diamine",NCCN,10000000.0
251,1-Bromo-4-methylbenzene,Cc1ccc(Br)cc1,2900000000.0
252,4-Methoxyphenol,COc1ccc(O)cc1,26000000000.0
253,acetic acid,CC(O)=O,16100000.0
254,"1,1,2,2-Tetrachloroethene",ClC(Cl)=C(Cl)Cl,2000000000.0
255,"3-(3,4-Dichlorophenyl)-1,1-dimethylurea",CN(C)C(=O)Nc1ccc(Cl)c(Cl)c1,7410000000.0
256,2-CHLOROETHANOL,OCCCl,950000000.0
257,(7-dimethylaminophenothiazin-3-ylidene)-dimethylazanium chloride,[Cl-].CN(C)c1ccc2nc3ccc(cc3[s+]c2c1)N(C)C,12000000000.0
258,"2,3-Dihydroxybenzoic acid",OC(=O)c1cccc(O)c1O,586000000.0
259,chloro-nitromethane,[O-][N+](=O)CCl,194000000.0
260,ETHANE,CC,1600000000.0
261,pentan-1-amine,CCCCCN,7000000000.0
262,2-Chloro-N-(ethoxymethyl)-N-(2-ethyl-6-methylphenyl)acetamide,CCOCN(C(=O)CCl)c1c(C)cccc1CC,6310000000.0
263,"4-(2,6,6-trimethyl-1-cyclohexenyl)but-3-en-2-one",CC(=O)/C=C/C1=C(C)CCCC1(C)C,7760000000.0
264,"1,3,5-trinitro-1,3,5-triazinane",[O-][N+](=O)N1CN(CN(C1)[N+]([O-])=O)[N+]([O-])=O,1100000000.0
265,"1-(2,3,4,5,6-pentafluorophenyl)ethanone",CC(=O)c1c(F)c(F)c(F)c(F)c1F,1500000000.0
266,dibromo-nitromethane,[O-][N+](=O)C(Br)Br,475000000.0
267,"PROPANE-1,2,3-TRIOL",OCC(O)CO,2000000000.0
268,"1,2,3,4,5,6-hexachlorobenzene",Clc1c(Cl)c(Cl)c(Cl)c(Cl)c1Cl,240000000.0
269,"1,1-dimethyl-3-(4-propan-2-ylphenyl)urea",CC(C)c1ccc(NC(=O)N(C)C)cc1,7940000000.0
270,1-ethyl-6-fluoro-4-oxo-7-piperazin-1-ylquinoline-3-carboxylic acid,CCN1C=C(C(O)=O)C(=O)c2cc(F)c(cc12)N3CCNCC3,6610000000.0
271,"2,3-Dimethylphenol",Cc1cccc(O)c1C,20000000000.0
272,"1,2-dichloro-4-methylbenzene",Cc1ccc(Cl)c(Cl)c1,1700000000.0
273,"(2R,3S,4R,5R,8R,10R,11R,13S,14R)-11-[(2S,3R,4S,6R)-4-dimethylamino-3-hydroxy-6-methyloxan-2-yl]oxy-2-ethyl-3,4,10-trihydroxy-13-[(2R,4R,5S,6S)-5-hydroxy-4-methoxy-4,6-dimethyloxan-2-yl]oxy-3,5,6,8,10,12,14-heptamethyl-1-oxa-6-azacyclopentadecan-15-one",CC[C@H]1OC(=O)[C@H](C)[C@@H](O[C@H]2C[C@@](C)(OC)[C@@H](O)[C@H](C)O2)C(C)[C@@H](O[C@@H]3O[C@H](C)C[C@@H]([C@H]3O)N(C)C)[C@](C)(O)C[C@@H](C)CN(C)[C@H](C)[C@@H](O)[C@]1(C)O,2880000000.0
274,1-Phenylpropan-1-ol,CCC(O)c1ccccc1,10000000000.0
275,benzoic acid,OC(=O)c1ccccc1,1600000000.0
276,"1,1-Dimethyl-3-phenylurea",CN(C)C(=O)Nc1ccccc1,7400000000.0
277,2-Methyl-1-phenylpropan-1-ol,CC(C)C(O)c1ccccc1,9500000000.0
278,"1,2-Dichlorobenzene",Clc1ccccc1Cl,2500000000.0
279,"2,2,2-Trichloro-1,1-bis(4-chlorophenyl)ethanol",OC(c1ccc(Cl)cc1)(c2ccc(Cl)cc2)C(Cl)(Cl)Cl,3720000000.0
280,"1-(2,4-Dihydroxyphenyl)ethanone",CC(=O)c1ccc(O)cc1O,30000000000.0
281,Pentanedioic acid,OC(=O)CCCC(O)=O,830000000.0
282,methyl 2-methylprop-2-enoate,COC(=O)C(C)=C,11900000000.0
283,1-Phenylethanone,CC(=O)c1ccccc1,6500000000.0
284,2-Methoxy-2-methylpropane,COC(C)(C)C,1670000000.0
285,1-Phenylpropan-2-ol,CC(O)Cc1ccccc1,21000000000.0
286,Sodium 3-acetamidobenzoate,[Na+].CC(=O)Nc1cccc(c1)C([O-])=O,5370000000.0
287,Chlorobenzene,Clc1ccccc1,5500000000.0
288,2-nitropropane,CC(C)[N+]([O-])=O,80000000.0
289,"1,2,4-trichlorobenzene",Clc1ccc(Cl)c(Cl)c1,6070000000.0
290,Benzamide,NC(=O)c1ccccc1,1500000000.0
291,Propanamide,CCC(N)=O,700000000.0
292,2-chloro-N-phenyl-N-propan-2-ylacetamide,CC(C)N(C(=O)CCl)c1ccccc1,4570000000.0
293,Tris(2-butoxyethyl) phosphate,CCCCOCCO[P](=O)(OCCOCCCC)OCCOCCCC,10200000000.0
294,"2,4,6-Trimethylpyridine",Cc1cc(C)nc(C)c1,2500000000.0
295,"(3R,4S,5S,6R,7R,9R,10E,11S,12R,13S,14R)-6-(4-dimethylamino-3-hydroxy-6-methyloxan-2-yl)oxy-14-ethyl-7,12,13-trihydroxy-4-(5-hydroxy-4-methoxy-4,6-dimethyloxan-2-yl)oxy-10-(2-methoxyethoxymethoxyimino)-3,5,7,9,11,13-hexamethyl-1-oxacyclotetradecan-2-one",CC[C@H]1OC(=O)[C@H](C)[C@@H](OC2CC(C)(OC)C(O)C(C)O2)[C@H](C)[C@@H](OC3OC(C)CC(C3O)N(C)C)[C@](C)(O)C[C@@H](C)\C(=N/OCOCCOC)[C@H](C)[C@@H](O)[C@]1(C)O,5370000000.0
296,"1,4-Dichlorobenzene",Clc1ccc(Cl)cc1,5400000000.0
297,"7-chloro-1-methyl-5-phenyl-3H-1,4-benzodiazepin-2-one",CN1C(=O)CN=C(c2ccccc2)c3cc(Cl)ccc13,7240000000.0
298,prop-2-enoic acid,OC(=O)C=C,5740000000.0
299,BUTANAL,CCCC=O,3900000000.0
300,acetaldehyde,CC=O,2280000000.0
301,furan-2-ylmethanol,OCc1occc1,15000000000.0
302,2-Methylpropan-2-ol,CC(C)(C)O,480000000.0
303,"1,2-Dimethylbenzene",Cc1ccccc1C,6700000000.0
304,tris(1-chloropropan-2-yl) phosphate,CC(CCl)O[P](=O)(OC(C)CCl)OC(C)CCl,200000000.0
305,"1,3,5-Trichloro-2-methoxybenzene",COc1c(Cl)cc(Cl)cc1Cl,5130000000.0
306,METHYLUREA,CNC(N)=O,2000000000.0
307,"2-BROMO-2-CHLORO-1,1,1-TRIFLUOROETHANE",FC(F)(F)C(Cl)Br,13000000.0
308,2-Methylpyridine,Cc1ccccn1,2500000000.0
309,"2,6,6-Trimethylcyclohexene-1-carbaldehyde",CC1=C(C=O)C(C)(C)CCC1,7410000000.0
310,formic acid,OC=O,125000000.0
311,"1,1,3,3-Tetramethylurea",CN(C)C(=O)N(C)C,5200000000.0
312,"3,6-Dichloro-2-methoxybenzoic acid",COc1c(Cl)ccc(Cl)c1C(O)=O,3470000000.0
313,"2,2,2-Trichloroethanol",OCC(Cl)(Cl)Cl,420000000.0
314,Bromoform,BrC(Br)Br,129000000.0
315,"(2S,4R)-N-[(1R,2R)-2-hydroxy-1-[(2R,3R,4S,5R,6R)-3,4,5-trihydroxy-6-methylsulfanyloxan-2-yl]propyl]-1-methyl-4-propylpyrrolidine-2-carboxamide hydrate hydrochloride",O.[Cl-].CCC[C@@H]1C[C@H](N(C)C1)C(=O)N[C@H]([C@@H](C)O)[C@H]2O[C@H](SC)[C@H](O)[C@@H](O)[C@H]2O.[H+],8510000000.0
316,"1,1-DIMETHOXYETHANE",COC(C)OC,2200000000.0
317,N-Methylacetamide,CNC(C)=O,1600000000.0
318,pent-1-en-3-one,CCC(=O)C=C,4680000000.0
319,"2-hydroxypropane-1,2,3-tricarboxylic acid",OC(=O)CC(O)(CC(O)=O)C(O)=O,50000000.0
320,Oxirane,C1CO1,68000000.0
321,"(2Z,4S,4aR,5S,5aR,6R,12aS)-2-(amino-hydroxymethylidene)-4-dimethylamino-5,10,11,12a-tetrahydroxy-6-methyl-4a,5,5a,6-tetrahydro-4H-tetracene-1,3,12-trione dihydrate hydrochloride",O.O.[Cl-].C[C@@H]1[C@H]2[C@H](O)[C@H]3[C@H](N(C)C)C(=O)C(=C(N)/O)/C(=O)[C@@]3(O)C(=O)C2=C(O)c4c(O)cccc14.[H+],7590000000.0
322,Dichloromethane,ClCCl,89100000.0
323,"2,3-Dimethyl-1H-indole",Cc1[nH]c2ccccc2c1C,13000000000.0
324,"3-hydroxy-13-methyl-12,14,15,16-tetrahydro-11H-cyclopenta[a]phenanthren-17-one",CC12CCc3c(ccc4cc(O)ccc34)C1CCC2=O,17000000000.0
325,2-[4-[2-[(4-chlorobenzoyl)amino]ethyl]phenoxy]-2-methylpropanoic acid,CC(C)(Oc1ccc(CCNC(=O)c2ccc(Cl)cc2)cc1)C(O)=O,7940000000.0
326,FORMALDEHYDE,C=O,938000000.0
327,1H-Indole,[nH]1ccc2ccccc12,32000000000.0
328,3-Methyl-1H-indole,Cc1c[nH]c2ccccc12,33000000000.0
329,Pentan-3-ol,CCC(O)CC,2100000000.0
330,methylbenzene,Cc1ccccc1,4900000000.0
331,prop-2-en-1-ol,OCC=C,5920000000.0
332,Propyl acetate,CCCOC(C)=O,1400000000.0
333,2-(2-hydroxyethylsulfinyl)ethanol,OCC[S](=O)CCO,5300000000.0
334,1-Chloro-3-fluoro-2-methylbenzene,Cc1c(F)cccc1Cl,4200000000.0
335,"3,4,5-Trimethoxybenzoic acid",COc1cc(cc(OC)c1OC)C(O)=O,1240000000.0
336,Phenanthrene,c1ccc2c(c1)ccc3ccccc23,23000000000.0
337,oxaldehydic acid,OC(=O)C=O,590000000.0
338,2-Methylbutan-2-ol,CCC(C)(C)O,1900000000.0
339,N-[3-acetyl-4-[2-hydroxy-3-(propan-2-ylamino)propoxy]phenyl]butanamide,CCCC(=O)Nc1ccc(OCC(O)CNC(C)C)c(c1)C(C)=O,4570000000.0
340,"N,N-dimethylaniline",CN(C)c1ccccc1,13500000000.0
341,BENZENE,c1ccccc1,5200000000.0
342,"benzene-1,3-diol",Oc1cccc(O)c1,12000000000.0
343,2-(1-Naphthyl)acetic acid,OC(=O)Cc1cccc2ccccc12,10000000000.0
344,"6-chloro-N,N'-di(propan-2-yl)-1,3,5-triazine-2,4-diamine",CC(C)Nc1nc(Cl)nc(NC(C)C)n1,1200000000.0
345,"(6R,7R)-7-[[(2R)-2-amino-2-phenylacetyl]amino]-3-methyl-8-oxo-5-thia-1-azabicyclo[4.2.0]oct-2-ene-2-carboxylic acid hydrate hydrochloride",O.[Cl-].CC1=C(N2[C@H](SC1)[C@H](NC(=O)[C@H](N)c3ccccc3)C2=O)C(O)=O.[H+],8510000000.0
346,Iodobenzene,Ic1ccccc1,5300000000.0
347,Chloroethene,ClC=C,12000000000.0
348,But-2-enedioic acid,OC(=O)\C=C\C(O)=O,6000000000.0
349,2-methylprop-1-ene,CC(C)=C,5400000000.0
350,"5-(acetyl-(2,3-dihydroxypropyl)amino)-N,N'-bis(2,3-dihydroxypropyl)-2,4,6-triiodobenzene-1,3-dicarboxamide",CC(=O)N(CC(O)CO)c1c(I)c(C(=O)NCC(O)CO)c(I)c(C(=O)NCC(O)CO)c1I,3240000000.0
351,"benzene-1,2-diol",Oc1ccccc1O,11000000000.0
352,"3-cyclohexyl-6-dimethylamino-1-methyl-1,3,5-triazine-2,4-dione",CN(C)C1=NC(=O)N(C2CCCCC2)C(=O)N1C,910000000.0
353,"1,2-dibromoethyne",BrCCBr,260000000.0
354,ethanol,CCO,2200000000.0
355,Ethylbenzene,CCc1ccccc1,7500000000.0
356,"1,2,4-Trimethoxybenzene",COc1ccc(OC)c(OC)c1,8100000000.0
357,Nonane,CCCCCCCCC,3600000000.0
358,4-tert-Butylphenol,CC(C)(C)c1ccc(O)cc1,19000000000.0
359,Benzenesulfonate,[O-][S](=O)(=O)c1ccccc1,4700000000.0
360,butan-2-one,CCC(C)=O,810000000.0
361,"(5R,8S,11R,12S,15S,18S,19S,22R)-15-[3-(diaminomethylideneamino)propyl]-18-[(1E,3E,5S,6S)-6-methoxy-3,5-dimethyl-7-phenylhepta-1,3-dienyl]-1,5,12,19-tetramethyl-2-methylidene-8-(2-methylpropyl)-3,6,9,13,16,20,25-heptaoxo-1,4,7,10,14,17,21-heptazacyclopentacosane-11,22-dicarboxylic acid",CO[C@@H](Cc1ccccc1)[C@@H](C)/C=C(C)/C=C/[C@@H]2NC(=O)[C@H](CCCN=C(N)N)NC(=O)[C@@H](C)[C@@H](NC(=O)[C@H](CC(C)C)NC(=O)[C@@H](C)NC(=O)C(=C)N(C)C(=O)CC[C@@H](NC(=O)[C@H]2C)C(O)=O)C(O)=O,23000000000.0
362,"2,4-Dihydroxybenzoic acid",OC(=O)c1ccc(O)cc1O,2170000000.0
363,"2-(3,4-DIHYDROXYPHENYL)ACETIC ACID",OC(=O)Cc1ccc(O)c(O)c1,262000000.0
364,"N,N-dihydroxy-4-methylaniline",Cc1ccc(cc1)[N+]([O-])=O,8510000000.0
365,2-methoxy-3-propan-2-ylpyrazine,COc1nccnc1C(C)C,4900000000.0
366,2-sulfanylethanol,OCCS,6800000000.0
367,3-methylsulfanylpropanal,CSCCC=O,8200000000.0
368,"(8R,9S,13S,14S,17S)-13-methyl-6,7,8,9,11,12,14,15,16,17-decahydrocyclopenta[a]phenanthrene-3,17-diol",C[C@]12CC[C@H]3[C@@H](CCc4cc(O)ccc34)[C@@H]1CC[C@@H]2O,14100000000.0
369,2-Methylpropanal,CC(C)C=O,2900000000.0
370,PYRENE,c1cc2ccc3cccc4ccc(c1)c2c34,1410000000.0
371,Dibromomethane,BrCBr,89100000.0
372,2-Methylpropane,CC(C)C,4600000000.0
373,2-(dihydroxyamino)phenol,Oc1ccccc1[N+]([O-])=O,5890000000.0
374,"(4S,4aS,8aR)-4,8a-dimethyl-1,2,3,4,5,6,7,8-octahydronaphthalen-4a-ol",C[C@H]1CCC[C@@]2(C)CCCC[C@]12O,7760000000.0
375,Methyl propanoate,CCC(=O)OC,4500000000.0
376,"2-[(4R,5S,6S,7R,9R,11E,13E,15R,16R)-6-[(2R,3R,4R,5S,6R)-5-[(2S,4R,5S,6S)-4,5-dihydroxy-4,6-dimethyloxan-2-yl]oxy-4-dimethylamino-3-hydroxy-6-methyloxan-2-yl]oxy-16-ethyl-4-hydroxy-15-[[(2R,3R,4R,5R,6R)-5-hydroxy-3,4-dimethoxy-6-methyloxan-2-yl]oxymethyl]-5,9,13-trimethyl-2,10-dioxo-1-oxacyclohexadeca-11,13-dien-7-yl]acetaldehyde",CC[C@H]1OC(=O)C[C@@H](O)[C@H](C)[C@@H](O[C@@H]2O[C@H](C)[C@@H](O[C@H]3C[C@@](C)(O)[C@@H](O)[C@H](C)O3)[C@@H]([C@H]2O)N(C)C)[C@@H](CC=O)C[C@@H](C)C(=O)\C=C\C(=C\[C@@H]1CO[C@@H]4O[C@H](C)[C@@H](O)[C@@H](OC)[C@H]4OC)C,8130000000.0
377,"N,N-dipropylnitrous amide",CCCN(CCC)N=O,2300000000.0
378,"N,N-dibutylbutan-1-amine",CCCCN(CCCC)CCCC,17000000000.0
379,"2,4,6-Trichlorophenol",Oc1c(Cl)cc(Cl)cc1Cl,5790000000.0
380,triethoxy-hydroxyphosphanium,CCO[P](=O)(OCC)OCC,2900000000.0
381,3-Chlorophenol,Oc1cccc(Cl)c1,7200000000.0
382,"1,2,3,4-Tetrafluorobenzene",Fc1ccc(F)c(F)c1F,8000000000.0
383,2-methylprop-2-enoic acid,CC(=C)C(O)=O,15700000000.0
384,"1,3-Dimethylbenzene",Cc1cccc(C)c1,7500000000.0
385,2-chloro-N-(2-ethyl-6-methylphenyl)-N-(1-methoxypropan-2-yl)acetamide,CCc1cccc(C)c1N(C(C)COC)C(=O)CCl,6760000000.0
386,Chloroform,ClC(Cl)Cl,53700000.0
387,Benzenesulfonamide,N[S](=O)(=O)c1ccccc1,2800000000.0
388,N-Butylformamide,CCCCNC=O,1900000000.0
389,pyridin-2-amine,Nc1ccccn1,8400000000.0
390,"1,2,4,5-Tetramethylbenzene",Cc1cc(C)c(C)cc1C,7000000000.0
391,"2,2-DICHLORO-1,1,1-TRIFLUOROETHANE",FC(F)(F)C(Cl)Cl,13000000.0
392,"2,2,4-Trimethylpentane",CC(C)CC(C)(C)C,6100000000.0
393,Tris(2-chloroethyl) phosphate,ClCCO[P](=O)(OCCCl)OCCCl,562000000.0
394,2-Ethyloxirane,CCC1CO1,780000000.0
395,3-Methylbutan-1-ol,CC(C)CCO,3800000000.0
396,2-Oxopropanal,CC(=O)C=O,530000000.0
397,"1,1,1-Trichloroethane",CC(Cl)(Cl)Cl,40000000.0
398,methylsulfinylmethylsulfanylmethane,CSC[S](C)=O,4800000000.0
399,2-Ethoxy-2-methylpropane,CCOC(C)(C)C,1810000000.0
400,propan-2-yl acetate,CC(C)OC(C)=O,450000000.0
401,pyridine-3-carboxamide,NC(=O)c1cccnc1,1400000000.0
402,"1,3-Dimethoxybenzene",COc1cccc(OC)c1,7200000000.0
403,"2,2-dimethylpropan-1-ol",CC(C)(C)CO,5200000000.0
404,2-methylpropan-2-amine,CC(C)(C)N,6000000000.0
405,"6-Chloro-N,N'-diethyl-1,3,5-triazine-2,4-diamine",CCNc1nc(Cl)nc(NCC)n1,2100000000.0
406,"1,4-Dichloro-2-nitrobenzene",[O-][N+](=O)c1cc(Cl)ccc1Cl,1200000000.0
407,METHYL ACETATE,COC(C)=O,200000000.0
408,1-(ethoxy-methylphosphoryl)oxyethane,CCO[P](C)(=O)OCC,600000000.0
409,Phenylsulfinylbenzene,O=[S](c1ccccc1)c2ccccc2,6300000000.0
410,(2S)-2-(3-aminopropanoylamino)-3-(3H-imidazol-4-yl)propanoic acid,NCCC(=O)N[C@@H](Cc1[nH]cnc1)C(O)=O,9000000000.0
411,1-Bromo-2-chlorobenzene,Clc1ccccc1Br,2000000000.0
412,"(E)-N-[2-[[5-(dimethylaminomethyl)furan-2-yl]methylsulfanyl]ethyl]-N'-methyl-2-nitroethene-1,1-diamine hydrochloride",[H+].[Cl-].CNC(/NCCSCc1oc(CN(C)C)cc1)=C\[N+]([O-])=O,6200000000.0
413,"3-tert-butyl-5-chloro-6-methyl-1H-pyrimidine-2,4-dione",CC1=C(Cl)C(=O)N(C(=O)N1)C(C)(C)C,7410000000.0
414,"2,4-Dichlorophenol",Oc1ccc(Cl)cc1Cl,6170000000.0
415,butanoic acid,CCCC(O)=O,2200000000.0
416,"1,1-Dichloroethene",ClC(Cl)=C,130000000.0
417,1-CHLOROPROPANE,CCCCl,2500000000.0
418,16033-71-9,CC1CO1,250000000.0
419,"1,4-Difluorobenzene",Fc1ccc(F)cc1,10000000000.0
420,94-75-7,OC(=O)COc1ccc(Cl)cc1Cl,2300000000.0
421,Methylcyclopentane,CC1CCCC1,7000000000.0
422,"1,3-Dichlorobenzene",Clc1cccc(Cl)c1,2200000000.0
423,"1,2,3-Trimethoxybenzene",COc1cccc(OC)c1OC,7000000000.0
424,"1,2,3,4,5-Pentamethylbenzene",Cc1cc(C)c(C)c(C)c1C,7500000000.0
425,2-methylprop-2-enenitrile,CC(=C)C#N,11400000000.0
426,Ethanamine,CCN,6400000000.0
427,"2,6-Dimethylphenol",Cc1cccc(C)c1O,26000000000.0
428,naphthalen-1-yl N-methylcarbamate,CNC(=O)Oc1cccc2ccccc12,3400000000.0
429,"3,4-Dimethoxybenzoic acid",COc1ccc(cc1OC)C(O)=O,2210000000.0
430,"6-amino-1,7-dihydropurin-2-one",NC1=C2NC=NC2=NC(=O)N1,12000000000.0
431,4-aminobenzoate,Nc1ccc(cc1)C([O-])=O,12100000000.0
432,"N-(6-methoxyquinolin-8-yl)pentane-1,4-diamine",COc1cc(NC(C)CCCN)c2ncccc2c1,12000000000.0
433,4-Hydroxybenzoic acid,OC(=O)c1ccc(O)cc1,7300000000.0
434,2-PHENYLETHANOL,OCCc1ccccc1,11000000000.0
435,BUTANE,CCCC,4600000000.0
436,3-Methoxyphenol,COc1cccc(O)c1,32000000000.0
437,"1,2,3-Trimethylbenzene",Cc1cccc(C)c1C,7000000000.0
438,bicarbonate,OC([O-])=O,9250000.0
439,"Benzene-1,4-diol",Oc1ccc(O)cc1,15500000000.0
440,Phenylbenzene,c1ccc(cc1)c2ccccc2,9000000000.0
441,Aniline,Nc1ccccc1,13700000000.0
442,butan-1-amine,CCCCN,8200000000.0
443,"[(2R,3R)-5,7-dihydroxy-2-(3,4,5-trihydroxyphenyl)chroman-3-yl] 3,4,5-trihydroxybenzoate",Oc1cc(O)c2C[C@@H](OC(=O)c3cc(O)c(O)c(O)c3)[C@H](Oc2c1)c4cc(O)c(O)c(O)c4,17000000000.0
444,1-Chloro-4-nitrobenzene,[O-][N+](=O)c1ccc(Cl)cc1,1300000000.0
445,"N,N'-Diethyl-6-methoxy-1,3,5-triazine-2,4-diamine",CCNc1nc(NCC)nc(OC)n1,4700000000.0
446,"1,2-Dibromo-3-chloropropane",ClCC(Br)CBr,324000000.0
447,Butanedinitrile,N#CCCC#N,380000000.0
448,bromo-dichloromethane,ClC(Cl)Br,71100000.0
449,"4,5-bis(hydroxymethyl)-2-methylpyridin-3-ol",Cc1ncc(CO)c(CO)c1O,6300000000.0
450,"N,N'-bis(2,3-dihydroxypropyl)-2,4,6-triiodo-5-[(2-methoxyacetyl)amino]-N'-methylbenzene-1,3-dicarboxamide",COCC(=O)Nc1c(I)c(C(=O)NCC(O)CO)c(I)c(c1I)C(=O)N(C)CC(O)CO,3310000000.0
451,"4-amino-1,2-oxazolidin-3-one",NC1CONC1=O,9000000000.0
452,Pentan-2-one,CCCC(C)=O,1900000000.0
453,"4-Chloro-3,5-dinitrobenzoic acid",OC(=O)c1cc(c(Cl)c(c1)[N+]([O-])=O)[N+]([O-])=O,331000000.0
454,2-Hydroxypropanedioic acid,OC(C(O)=O)C(O)=O,170000000.0
455,propan-2-amine,CC(C)N,13000000000.0
456,dichloro-nitromethane,[O-][N+](=O)C(Cl)Cl,512000000.0
457,2-propan-2-ylsulfinylpropane,CC(C)[S](=O)C(C)C,6800000000.0
458,2-Chloropyridine,Clc1ccccn1,1800000000.0
459,2-Methylpropan-1-ol,CC(C)CO,3280000000.0
460,4-[2-(4-hydroxyphenyl)propan-2-yl]phenol,CC(C)(c1ccc(O)cc1)c2ccc(O)cc2,6920000000.0
461,1-Chloro-3-methylbenzene,Cc1cccc(Cl)c1,3500000000.0
462,"6-chloro-N'-ethyl-N-propan-2-yl-1,3,5-triazine-2,4-diamine",CCNc1nc(Cl)nc(NC(C)C)n1,3160000000.0
463,"1,4-Dimethoxybenzene",COc1ccc(OC)cc1,7000000000.0
464,2-Methyl-4-phenylbutan-2-ol,CC(C)(O)CCc1ccccc1,5900000000.0
465,2-methylprop-2-enamide,CC(=C)C(N)=O,13000000000.0
466,2-hydroxyacetamide,NC(=O)CO,1100000000.0
467,Dodecane,CCCCCCCCCCCC,4700000000.0
468,"1-cyclopropyl-6-fluoro-7-[(1S,4S)-3-methyl-3,6-diazabicyclo[2.2.1]heptan-6-yl]-4-oxoquinoline-3-carboxylic acid",CN1C[C@@H]2C[C@H]1CN2c3cc4N(C=C(C(O)=O)C(=O)c4cc3F)C5CC5,6170000000.0
469,"2,5-Dihydroxybenzoic acid",OC(=O)c1cc(O)ccc1O,13700000000.0
470,4-Nitrophenol,Oc1ccc(cc1)[N+]([O-])=O,6170000000.0
471,2-(2-Hydroxyethoxy)ethanol,OCCOCCO,2100000000.0
472,"N,N-dimethylmethanamine",CN(C)C,13000000000.0
473,1-Nitrosopyrrolidine,O=NN1CCCC1,1750000000.0
474,di(phenyl)methanone,O=C(c1ccccc1)c2ccccc2,8850000000.0
475,hex-3-en-1-ol,CC/C=C/CCO,7410000000.0
476,(E)-but-2-enal,C/C=C/C=O,5800000000.0
477,"3,4-dimethylaniline chloride",[Cl].Cc1ccc(N)cc1C,6200000000.0
478,4-Nitroaniline,Nc1ccc(cc1)[N+]([O-])=O,14000000000.0
479,propan-2-one,CC(C)=O,113000000.0
480,3-Bromopyridine,Brc1cccnc1,1100000000.0
481,pyridine-3-carbonitrile,N#Cc1cccnc1,750000000.0
482,"1-(3,4-dihydroxyphenyl)ethanone",CC(=O)c1ccc(O)c(O)c1,10000000000.0
483,2-tert-Butyl-4-methoxyphenol,COc1ccc(O)c(c1)C(C)(C)C,7410000000.0
484,"N,N,2,2-tetramethylpropanamide",CN(C)C(=O)C(C)(C)C,3900000000.0
485,5-Nitrofuran-2-carboxylic acid,OC(=O)c1oc(cc1)[N+]([O-])=O,5300000000.0
486,"1,1,1,2,2-pentachloroethane",ClC(Cl)C(Cl)(Cl)Cl,10000000.0
487,3-hydroxybutan-2-one,CC(O)C(C)=O,2900000000.0
488,Methoxybenzene,COc1ccccc1,5400000000.0
489,prop-2-enal,C=CC=O,7000000000.0
490,"3,7-dihydropurine-2,6-dione",O=C1NC(=O)c2[nH]cnc2N1,5200000000.0
491,2-tert-Butylphenol,CC(C)(C)c1ccccc1O,19000000000.0
492,"1,4-Dioxane",C1COCCO1,2500000000.0
493,2-(carboxymethylsulfanyl)acetic acid,OC(=O)CSCC(O)=O,6000000000.0
494,Thiolane 1-oxide,O=[S]1CCCC1,7000000000.0
495,"1,2,3,4,7,7-hexachloro-6,6-bis(chloromethyl)-5-methylidenebicyclo[2.2.1]heptane",ClCC1(CCl)C(=C)C2(Cl)C(Cl)C(Cl)C1(Cl)C2(Cl)Cl,465000000.0
496,"3,5-Dimethylphenol",Cc1cc(C)cc(O)c1,20000000000.0
497,Octanedioic acid,OC(=O)CCCCCCC(O)=O,4800000000.0
498,"1,3,5-Trimethylbenzene",Cc1cc(C)cc(C)c1,6400000000.0
499,"1-methoxy-3,5-dinitrobenzene",COc1cc(cc(c1)[N+]([O-])=O)[N+]([O-])=O,5200000000.0
500,2-Hydroxyacetic acid,OCC(O)=O,540000000.0
501,Propanoic acid,CCC(O)=O,320000000.0
502,"3,5,7-trihydroxy-2-[2-(4-hydroxy-3-methoxyphenyl)-3-(hydroxymethyl)-2,3-dihydro-1,4-benzodioxin-7-yl]chroman-4-one",COc1cc(ccc1O)C2Oc3cc(ccc3OC2CO)C4Oc5cc(O)cc(O)c5C(=O)C4O,18000000000.0
503,Ethyl propanoate,CCOC(=O)CC,870000000.0
504,ethylsulfanylethane,CCSCC,14000000000.0
505,HEXAN-1-OL,CCCCCCO,7000000000.0
506,2-Methyl-1H-indole,Cc1[nH]c2ccccc2c1,34000000000.0
507,"1,1,1-trichloro-2-methylpropan-2-ol",CC(C)(O)C(Cl)(Cl)Cl,269000000.0
508,Tetrachloromethane,ClC(Cl)(Cl)Cl,2000000.0
509,2-(carboxymethylamino)acetic acid,OC(=O)CNCC(O)=O,49000000.0
510,methoxyazanium chloride,[Cl-].CO[NH3+],14000000000.0
511,butanedioic acid,OC(=O)CCC(O)=O,110000000.0
512,bromo-nitromethane,[O-][N+](=O)CBr,83600000.0
513,Cyclohexene,C1CCC=CC1,8800000000.0
514,"2,5-dichlorobenzene-1,4-diol",Oc1cc(Cl)c(O)cc1Cl,21000000000.0
515,2-hydroxypropanoic acid,CC(O)C(O)=O,430000000.0
516,"1,3-Dimethylurea",CNC(=O)NC,2600000000.0
517,"(2R,3S)-butane-2,3-diol",C[C@@H](O)[C@H](C)O,1300000000.0
518,1H-pyridin-2-one,O=C1NC=CC=C1,6500000000.0
519,"N-(3,4-Dichlorophenyl)propanamide",CCC(=O)Nc1ccc(Cl)c(Cl)c1,2300000000.0
520,"hexane-2,5-dione",CC(=O)CCC(C)=O,760000000.0
521,"N,N-Dimethylacetamide",CN(C)C(C)=O,3500000000.0
522,"Benzene-1,3,5-triol",Oc1cc(O)cc(O)c1,10000000000.0
523,"N,N'-bis(1,3-dihydroxypropan-2-yl)-5-[[(2S)-2-hydroxypropanoyl]amino]-2,4,6-triiodobenzene-1,3-dicarboxamide",C[C@H](O)C(=O)Nc1c(I)c(C(=O)NC(CO)CO)c(I)c(C(=O)NC(CO)CO)c1I,3390000000.0
524,"2-methyl-3,5-dinitroaniline",Cc1c(N)cc(cc1[N+]([O-])=O)[N+]([O-])=O,1600000000.0
525,1-cyclopropyl-6-fluoro-4-oxo-7-piperazin-1-ylquinoline-3-carboxylic acid,OC(=O)C1=CN(C2CC2)c3cc(N4CCNCC4)c(F)cc3C1=O,4070000000.0
526,"PROPANE-1,2-DIOL",CC(O)CO,1700000000.0
527,2-(4-Chlorophenoxy)-2-methylpropanoic acid,CC(C)(Oc1ccc(Cl)cc1)C(O)=O,5250000000.0
528,octan-1-amine,CCCCCCCCN,14600000000.0
529,OCTAN-1-OL,CCCCCCCCO,7700000000.0
530,oxiran-2-ylmethanol,OCC1CO1,470000000.0
531,"N-tert-butyl-6-chloro-N'-ethyl-1,3,5-triazine-2,4-diamine",CCNc1nc(Cl)nc(NC(C)(C)C)n1,2800000000.0
532,"1,3,5-Trifluorobenzene",Fc1cc(F)cc(F)c1,4100000000.0
533,sulfite,[O-][S]([O-])=O,5450000000.0
534,2-propan-2-yloxypropane,CC(C)OC(C)C,2490000000.0
535,2-hydroxyethyl prop-2-enoate,OCCOC(=O)C=C,11000000000.0
536,"1-BROMO-2,3-DICHLOROPROPANE",ClCC(Cl)CBr,730000000.0
537,"1,2-Dimethoxyethane",COCCOC,1600000000.0
538,Cyclopentane,C1CCCC1,4500000000.0
539,1-Methyl-3-nitrobenzene,Cc1cccc(c1)[N+]([O-])=O,8130000000.0
540,"(2E)-nona-2,6-dienal",CC/C=C/CC\C=C\C=O,10500000000.0
541,bromo-dichloro-nitromethane,[O-][N+](=O)C(Cl)(Cl)Br,102000000.0
542,"1,2-Difluorobenzene",Fc1ccccc1F,7500000000.0
543,Ethenylbenzene,C=Cc1ccccc1,6000000000.0
544,"2,2,2-Trichloroethane-1,1-diol",OC(O)C(Cl)(Cl)Cl,2100000000.0
545,"2-Chloro-2-(difluoromethoxy)-1,1,1-trifluoroethane",FC(F)OC(Cl)C(F)(F)F,24000000.0
546,"2-amino-3,7-dihydropurin-6-one",NC1=NC(=O)c2[nH]cnc2N1,9200000000.0
547,"3-cyano-1-[2-[[2-(diaminomethylideneamino)-1,3-thiazol-4-yl]methylsulfanyl]ethyl]-2-methylguanidine",CN=C(NCCSCc1csc(N=C(N)N)n1)NC#N,10000000000.0
548,"1,1-dichloropropan-2-one",CC(=O)C(Cl)Cl,88000000.0
549,"2,6-Dimethylpyridine",Cc1cccc(C)n1,3000000000.0
550,2-Methoxyphenol,COc1ccccc1O,20000000000.0
551,benzo[b][1]benzazepine-11-carboxamide,NC(=O)N1c2ccccc2C=Cc3ccccc13,8710000000.0
552,"1,1,2-TRICHLOROETHANE",ClCC(Cl)Cl,129000000.0
553,1H-Imidazole,[nH]1ccnc1,5200000000.0
554,BENZALDEHYDE,O=Cc1ccccc1,4400000000.0
555,"1,3-DIOXOLANE",C1COCO1,4000000000.0
556,Nonanedioic acid,OC(=O)CCCCCCCC(O)=O,5400000000.0
557,"3,5-Dimethoxyphenol",COc1cc(O)cc(OC)c1,20000000000.0
558,hexanedioic acid,OC(=O)CCCCC(O)=O,2000000000.0
559,N-ethyl-N-methylnitrous amide,CCN(C)N=O,495000000.0
560,"2-tert-butylbenzene-1,4-diol",CC(C)(C)c1cc(O)ccc1O,6300000000.0
561,"1,2,4,5-Tetramethoxybenzene",COc1cc(OC)c(OC)cc1OC,7000000000.0
562,3-Methylbutanoic acid,CC(C)CC(O)=O,1400000000.0
563,"1-cyclopropyl-7-[(3S,5R)-3,5-dimethylpiperazin-1-yl]-5,6,8-trifluoro-4-oxoquinoline-3-carboxylic acid",C[C@@H]1CN(C[C@H](C)N1)c2c(F)c(F)c3C(=O)C(=CN(C4CC4)c3c2F)C(O)=O,6920000000.0
564,"5-(2,5-Dimethylphenoxy)-2,2-dimethylpentanoic acid",Cc1ccc(C)c(OCCCC(C)(C)C(O)=O)c1,7080000000.0
565,N-butyl-N-ethylnitrous amide,CCCCN(CC)N=O,3100000000.0
566,tribromo-nitromethane,[O-][N+](=O)C(Br)(Br)Br,325000000.0
567,"1,2-Dichloroethene",Cl\C=C\Cl,5000000000.0
568,"4-methyl-3,5-dinitroaniline",Cc1c(cc(N)cc1[N+]([O-])=O)[N+]([O-])=O,1900000000.0
569,"2,2-Dimethylpropanoic acid",CC(C)(C)C(O)=O,650000000.0
570,"Butane-1,4-diol",OCCCCO,3200000000.0
571,"2,2-Dichloropropanoic acid",CC(Cl)(Cl)C(O)=O,72400000.0
572,"2-Methyl-1,3-dinitrobenzene",Cc1c(cccc1[N+]([O-])=O)[N+]([O-])=O,1510000000.0
573,hydroxy-dimethoxy-methylphosphanium,CO[P](C)(=O)OC,200000000.0
574,"2-Amino-2-(hydroxymethyl)propane-1,3-diol",NC(CO)(CO)CO,1500000000.0
575,Methylcyclohexane,CC1CCCCC1,7100000000.0
576,1-chloropropan-2-one,CC(=O)CCl,169000000.0
577,Propan-1-amine,CCCN,7300000000.0
578,"1,2-di(furan-2-yl)-2-hydroxyethanone",OC(c1occc1)C(=O)c2occc2,13000000000.0
579,But-1-ene,CCC=C,7000000000.0
580,Ethyl acetate,CCOC(C)=O,400000000.0
581,"1,3-Dinitrobenzene",[O-][N+](=O)c1cccc(c1)[N+]([O-])=O,1100000000.0
582,Dimethoxymethane,COCOC,320000000.0
583,"trisodium (2S,3S,4S)-4-[(2Z,4E,6R)-6-methyl-7-oxido-7-oxohepta-2,4-dien-2-yl]-3-(2-oxido-2-oxoethyl)pyrrolidine-2-carboxylate",[Na+].[Na+].[Na+].C[C@H](\C=C\C=C(C)/[C@H]1CN[C@@H]([C@H]1CC([O-])=O)C([O-])=O)C([O-])=O,9220000000.0
584,1-Chlorobutane,CCCCCl,3400000000.0
585,1-CHLORO-3-METHOXYBENZENE,COc1cccc(Cl)c1,9300000000.0
586,"1,2,3,4,5,6-Hexachlorocyclohexane",ClC1C(Cl)C(Cl)C(Cl)C(Cl)C1Cl,575000000.0
587,"disodium 7-oxabicyclo[2.2.1]heptane-5,6-dicarboxylate",[Na+].[Na+].[O-]C(=O)C1C2CCC(O2)C1C([O-])=O,1500000000.0
588,"1,1,1-trichloropropan-2-one",CC(=O)C(Cl)(Cl)Cl,33000000.0
589,Propan-2-ol,CC(C)O,1600000000.0
590,2-Ethoxyethanol,CCOCCO,1700000000.0
591,"2,3,5-Triiodobenzoic acid",OC(=O)c1cc(I)cc(I)c1I,9770000000.0
592,ethoxymethoxyethane,CCOCOCC,1600000000.0
593,"1,1,2,2-TETRABROMOETHANE",BrC(Br)C(Br)Br,220000000.0
594,1-ethylsulfinylethane,CC[S](=O)CC,6500000000.0
595,"Butane-1,3-diol",CC(O)CCO,2200000000.0
596,1-furan-2-ylethanone,CC(=O)c1occc1,4500000000.0
597,"2-[3,4-dihydroxy-5-(hydroxymethyl)oxolan-2-yl]-1,2,4-triazine-3,5-dione",OCC1OC(C(O)C1O)N2N=CC(=O)NC2=O,7200000000.0
598,"2,2-dimethylpropanamide",CC(C)(C)C(N)=O,1500000000.0
599,"1,2,3,4-TETRAMETHYLBENZENE",Cc1ccc(C)c(C)c1C,7200000000.0
600,"N'-(7-chloroquinolin-4-yl)-N,N-diethylpentane-1,4-diamine",CCN(CC)CCCC(C)Nc1ccnc2cc(Cl)ccc12,7300000000.0
601,"(E)-1,2-diethoxyethene",CCO\C=C\OCC,2300000000.0
602,"1-(2,5-Dihydroxyphenyl)ethanone",CC(=O)c1cc(O)ccc1O,8000000000.0
603,Methyldisulfanylmethane,CSSC,17000000000.0
604,"4-Amino-N-(5-methyl-1,3,4-thiadiazol-2-yl)benzenesulfonamide",Cc1sc(N[S](=O)(=O)c2ccc(N)cc2)nn1,7940000000.0
605,115550-35-1,CN1CCN(CC1)c2c(F)cc3C(=O)C(=CN4N(C)COc2c34)C(O)=O,9120000000.0
606,"1,2,3,5-Tetramethylbenzene",Cc1cc(C)c(C)c(C)c1,7100000000.0
607,N-Methylmethanamine,CNC,8900000000.0
608,2-methylsulfanylethanol,CSCCO,7900000000.0
609,Methoxymethane,COC,1000000000.0
610,"2,6-Dimethoxyphenol",COc1cccc(OC)c1O,26000000000.0
611,"1,1-DICHLOROETHANE",CC(Cl)Cl,130000000.0
612,S-Ethyl azepane-1-carbothioate,CCSC(=O)N1CCCCCC1,6920000000.0
613,2-Hydroxybutanoic acid,CCC(O)C(O)=O,1300000000.0
614,Acrylonitrile,C=CC#N,5180000000.0
615,"potassium (2S,5R,6R)-3,3-dimethyl-7-oxo-6-[(2-phenoxyacetyl)amino]-4-thia-1-azabicyclo[3.2.0]heptane-2-carboxylate",[K+].CC1(C)S[C@@H]2[C@H](NC(=O)COc3ccccc3)C(=O)N2[C@H]1C([O-])=O,8710000000.0
616,N-Phenylaniline,N(c1ccccc1)c2ccccc2,10000000000.0
617,"2-[[2-(bis(2-hydroxyethyl)amino)-4,8-di(piperidin-1-yl)pyrimido[6,5-e]pyrimidin-6-yl]-(2-hydroxyethyl)amino]ethanol",OCCN(CCO)c1nc(N2CCCCC2)c3nc(nc(N4CCCCC4)c3n1)N(CCO)CCO,12000000000.0
619,"(Z)-3-(3,4-dihydroxyphenyl)prop-2-enoic acid",OC(=O)\C=C/c1ccc(O)c(O)c1,1800000000.0
620,2-(6-methoxynaphthalen-2-yl)propanoic acid,COc1ccc2cc(ccc2c1)C(C)C(O)=O,7590000000.0
621,1-Methylindole,Cn1ccc2ccccc12,13500000000.0
622,"N,N-dibutylnitrous amide",CCCCN(CCCC)N=O,4710000000.0
623,2-Chlorophenol,Oc1ccccc1Cl,10100000000.0
624,4-Fluorobenzonitrile,Fc1ccc(cc1)C#N,3500000000.0
625,"(2R,3R)-1,4-bis-sulfanylbutane-2,3-diol",O[C@@H](CS)[C@@H](O)CS,15000000000.0
626,diethoxy-(4-nitrophenoxy)-sulfanylidenephosphorane,CCO[P](=S)(OCC)Oc1ccc(cc1)[N+]([O-])=O,9770000000.0
627,methylsulfanylbenzene,CSc1ccccc1,9900000000.0
628,"N-(Butoxymethyl)-2-chloro-N-(2,6-diethylphenyl)acetamide",CCCCOCN(C(=O)CCl)c1c(CC)cccc1CC,7410000000.0
629,4-CHLOROPYRIDINE,Clc1ccncc1,3100000000.0
630,"1-[(5-nitrofuran-2-yl)methylideneamino]imidazolidine-2,4-dione",[O-][N+](=O)c1oc(cc1)/C=N/N2CC(=O)NC2=O,9300000000.0
631,1-Nitrosopiperidine,O=NN1CCCCC1,2980000000.0
632,Bromobenzene,Brc1ccccc1,4400000000.0
633,furan-2-carboxamide,NC(=O)c1occc1,5500000000.0
634,"2,2,2-trichloroacetate",[O-]C(=O)C(Cl)(Cl)Cl,60000000.0
635,1-nitrosoazepane,O=NN1CCCCCC1,4350000000.0
639,Glyoxal,O=CC=O,66100000.0
642,"2,6-Nonadienal ",CC/C=C/CC/C=C/C=O,10500000000.0
646,"2,3-Dihydroxy-2-propenal",O=CC(O)=CO,9910000000.0
648,N-Methylformamide,CNC=O,1200000000.0
649,"N,N-Dimethylformamide",CN(C)C=O,1700000000.0
650,N-Formylkynurenine,NC(CC(=O)c1ccccc1NC=O)C(=O)O,8000000000.0
652,"3,4-dihydroxybenzaldehyde",O=Cc1ccc(O)c(O)c1,8300000000.0
653,pentafluorobenzaldehyde,O=Cc1c(F)c(F)c(F)c(F)c1F,2000000000.0
654, glyoxalic acid,O=CC(=O)O,590000000.0
655,glucuronic acid,O=C[C@H](O)[C@@H](O)[C@H](O)[C@H](O)C(=O)O,1300000000.0
657,2-methoxy-2-methylpropanal,COC(C)(C)C=O,3990000000.0
658,Ethyl formate,CCOC=O,390000000.0
659,2-Deoxy-D-glucose,O=CC[C@@H](O)[C@H](O)[C@H](O)CO,2800000000.0
660,2-Deoxy-D-ribose,O=CC[C@H](O)[C@H](O)CO,2300000000.0
661,Arabinose,O=C[C@@H](O)[C@H](O)[C@H](O)CO,1800000000.0
662,D-Galactose,O=C[C@H](O)[C@@H](O)[C@@H](O)[C@H](O)CO,2000000000.0
663,D-Xylose,O=C[C@H](O)[C@@H](O)[C@H](O)CO,2200000000.0
664,Formic acid,O=CO,100000000.0
665,Glucose,O=C[C@H](O)[C@@H](O)[C@H](O)[C@H](O)CO,1500000000.0
667,Ribose,O=C[C@H](O)[C@H](O)[C@H](O)CO,1600000000.0
668,bromodichloroacetaldehyde,O=CC(Cl)(Cl)Br,390000000.0
669,Chloroacetaldehyde,O=CCCl,1200000000.0
670,dibromochloroacetaldeyhde,O=CC(Cl)(Br)Br,530000000.0
671,tribromoacetaldehyde,O=CC(Br)(Br)Br,540000000.0
672,trichloroacetaldehyde,O=CC(Cl)(Cl)Cl,380000000.0
673,glyoxal,O=CCO,1500000000.0
674,methacrolein,C=C(C)C=O,1500000000.0
685,1-butene,C=CCC,7000000000.0
686,2-Methylpropene,C=C(C)C,5400000000.0
687,Butadiene,C=CC=C,7000000000.0
688,propylene,C=CC,7000000000.0
689,"1,3-Cyclohexadiene",C1=CCCC=C1,9910000000.0
690,"1,4-cyclohexadiene",C1=CCC=CC1,7690000000.0
691,Cycloheptatriene,C1=CC=CCC=C1,10000000000.0
693,Cyclopentene,C1=CCCC1,7000000000.0
694,acrylamide,C=CC(N)=O,5900000000.0
695,methyl acrylamide,C=CC(=O)NC,13000000000.0
696,Thymine,Cc1c[nH]c(=O)[nH]c1=O,5500000000.0
697,Uracil,O=c1cc[nH]c(=O)[nH]1,6000000000.0
698,Methacrylamide,C=C(C)C(N)=O,13000000000.0
699,6-Methyluracil,Cc1cc(=O)[nH]c(=O)[nH]1,5700000000.0
700,N-Ethylmaleimide,CCN1C(=O)C=CC1=O,8990000000.0
701,5-Methylcytosine,Cc1c[nH]c(=O)nc1N,6000000000.0
702,N-Vinylpyrrolidone,C=CN1CCCC1=O,7000000000.0
703,N-(hydroxymethyl)acrylamide,C=CC(=O)NCO,3400000000.0
704,"2,3-Dimethyl-4-dimethylamino-1-phenyl-3-pyrazolin-5-one",Cc1c(N(C)C)c(=O)n(-c2ccccc2)n1C,25000000000.0
705,Carbamazepine,NC(=O)N1c2ccccc2C=Cc2ccccc21,8710000000.0
706,Feruloylputrescine,COc1cc(/C=C/C(=O)NCCCCN)ccc1O,10000000000.0
707,Caffeoylputrescine,NCCCCNC(=O)/C=C/c1ccc(O)c(O)c1,10000000000.0
708,p-Coumaroylputrescine,NCCCCNC(=O)/C=C/c1ccc(O)cc1,3000000000.0
709,Maleic hydrazide,NNC(=O)/C=C\C(=O)O,2900000000.0
710,6-Maleimidocaproic acid,CCCCC(CCCCC(=O)O)N1C(=O)C=CC1=O,867000000.0
711,N-(4-Methoxyphenylacetyl)-dehydroalanine,C=C(NC(=O)Cc1ccc(OC)cc1)C(=O)O,5500000000.0
712,"2',3'-O-Isopropylideneuridine",CC1(C)O[C@@H]2[C@@H](CO)O[C@@H](n3ccc(=O)[nH]c3=O)[C@@H]2O1,4700000000.0
713,Thymidine,Cc1cn([C@H]2C[C@H](O)[C@@H](CO)O2)c(=O)[nH]c1=O,4700000000.0
714,Convicine,Nc1[nH]c(=O)[nH]c(=O)c1O[C@@H]1O[C@H](CO)[C@@H](O)[C@H](O)[C@H]1O,15000000000.0
715,Cytidine,Nc1ccn([C@@H]2O[C@H](CO)[C@@H](O)[C@H]2O)c(=O)n1,5790000000.0
716,5-Nitro-6-methyluracil,Cc1[nH]c(=O)[nH]c(=O)c1[N+](=O)[O-],5300000000.0
717,5-Nitrouracil,O=c1[nH]cc([N+](=O)[O-])c(=O)[nH]1,5400000000.0
718,Isouramil,Nc1[nH]c(=O)[nH]c(=O)c1O,5000000000.0
719,5-Bromouracil,O=c1[nH]cc(Br)c(=O)[nH]1,5200000000.0
720,5-Chlorouracil,O=c1[nH]cc(Cl)c(=O)[nH]1,5500000000.0
721,5-Fluorouracil,O=c1[nH]cc(F)c(=O)[nH]1,5200000000.0
722,Levofloxacin,C[C@H]1COc2c(N3CCN(C)CC3)c(F)cc3c(=O)c(C(=O)O)cn1c23,7590000000.0
723,Ciprofloxacin ,O=C(O)c1cn(C2CC2)c2cc(N3CCNCC3)c(F)cc2c1=O,4070000000.0
724,Danofloxacin ,CN1C[C@@H]2C[C@H]1CN2c1cc2c(cc1F)c(=O)c(C(=O)O)cn2C1CC1,6170000000.0
725,Lomefloxacin,CCn1cc(C(=O)O)c(=O)c2cc(F)c(N3CCNC(C)C3)c(F)c21,8130000000.0
726,Marbofloxacin ,CN1CCN(c2c(F)cc3c(=O)c(C(=O)O)cn4c3c2OCN4C)CC1,9120000000.0
727,Norfloxacin,CCn1cc(C(=O)O)c(=O)c2cc(F)c(N3CCNCC3)cc21,6610000000.0
728,Orbifloxacin,C[C@H]1CN(c2c(F)c(F)c3c(=O)c(C(=O)O)cn(C4CC4)c3c2F)C[C@@H](C)N1,6920000000.0
729,Doxycycline,C[C@H]1c2cccc(O)c2C(O)=C2C(=O)[C@]3(O)C(=O)/C(=C(/N)O)C(=O)[C@@H](N(C)C)[C@@H]3[C@@H](O)[C@@H]21,7590000000.0
730,Oxytetracycline ,CN(C)[C@@H]1C(=O)/C(=C(\N)O)C(=O)[C@@]2(O)C(=O)[C@@H]3C(=O)c4c(O)cccc4[C@@](C)(O)[C@H]3[C@H](O)[C@@H]12,5620000000.0
731,Tetracycline ,CN(C)[C@@H]1C(=O)/C(=C(\N)O)C(=O)[C@@]2(O)C(=O)C3=C(O)c4c(O)cccc4[C@@](C)(O)[C@H]3C[C@@H]12,8130000000.0
732,Chlortetracycline ,CN(C)[C@@H]1C(=O)/C(=C(\N)O)C(=O)[C@@]2(O)C(=O)C3=C(O)c4c(O)ccc(Cl)c4[C@@](C)(O)[C@H]3C[C@@H]12,5250000000.0
733,Î±-Methylstyrene,C=C(C)c1ccccc1,9710000000.0
735,2-Methoxy-4-propenylphenol,CC=Cc1ccc(O)c(OC)c1,33000000000.0
736,4-Hydroxycinnamic acid,O=C(O)C=Cc1ccc(O)cc1,8990000000.0
737,Kaempferol,O=c1c(O)c(-c2ccc(O)cc2)oc2cc(O)cc(O)c12,849000000.0
738,Flavone,O=c1cc(-c2ccccc2)oc2ccccc12,170000000.0
739,7-Methylcoumarin,Cc1ccc2ccc(=O)oc2c1,6810000000.0
740,Coumarin,O=c1ccc2ccccc2o1,2000000000.0
741,7-Methoxy-4-methylcoumarin,COc1ccc2c(C)cc(=O)oc2c1,4100000000.0
742,7-Methoxycoumarin,COc1ccc2ccc(=O)oc2c1,12000000000.0
743,8-Methoxypsoralen,COc1c2occc2cc2ccc(=O)oc12,11000000000.0
744,7-Hydroxy-6-methoxycoumarin,COc1cc2ccc(=O)oc2cc1O,12000000000.0
745,7-Hydroxy-4-methylcoumarin,Cc1cc(=O)oc2cc(O)ccc12,11000000000.0
746,7-Hydroxycoumarin,O=c1ccc2ccc(O)cc2o1,10000000000.0
747,"5,7-Dihydroxy-4-methylcoumarin",Cc1cc(=O)oc2cc(O)cc(O)c12,4900000000.0
748,"5,7-Dihydroxytrimethoxyflavone",COc1c(O)c(OC)c2oc(-c3ccccc3)c(OC)c(=O)c2c1O,1200000000.0
749,Apigenin,O=c1cc(-c2ccc(O)cc2)oc2cc(O)cc(O)c12,1400000000.0
750,Diosmetin,COc1ccc(-c2cc(=O)c3c(O)cc(O)cc3o2)cc1O,1700000000.0
751,Morin,O=c1c(O)c(-c2ccc(O)cc2O)oc2cc(O)cc(O)c12,1700000000.0
752,Myricetin,O=c1c(O)c(-c2cc(O)c(O)c(O)c2)oc2cc(O)cc(O)c12,2100000000.0
753,Quercetin,O=c1c(O)c(-c2ccc(O)c(O)c2)oc2cc(O)cc(O)c12,15000000000.0
754,Rhamnetin,COc1cc(O)c2c(=O)c(O)c(-c3ccc(O)c(O)c3)oc2c1,2000000000.0
755,"3,3-Dimethylacrylic acid",CC(C)=CC(=O)O,8990000000.0
756,acrylic acid,C=CC(=O)O,1500000000.0
757,Crocetin,CC(/C=C/C=C(\C)C(=O)O)=C\C=C\C=C(C)\C=C\C=C(/C)C(=O)O,23000000000.0
758,fumaric acid,O=C(O)/C=C/C(=O)O,6000000000.0
759,maleic acid,O=C(O)/C=C\C(=O)O,6000000000.0
760,Crotonic acid,C/C=C/C(=O)O,2900000000.0
762,methyl methacrylate,C=C(C)C(=O)OC,11000000000.0
763,Butyl acrylate,C=CC(=O)OCCCC,5500000000.0
764,Butyl methacrylate,C=C(C)C(=O)OCCCC,12000000000.0
765,Ethyl acrylate,C=CC(=O)OCC,5790000000.0
766,Methyl acrylate,C=CC(=O)OC,5300000000.0
767,2-hydroxyethyl acrylate,C=CC(=O)OCCO,11000000000.0
768,Cyclohexyl methacrylate,C=C(C)C(=O)OC1CCCCC1,15000000000.0
769,"1,2-Diethoxyethene",CCOC=COCC,2300000000.0
770,1-butene-3-one,C=CC(C)=O,8490000000.0
771,1-Penten-3-one,C=CC(=O)CC,4680000000.0
772,"5,8-Dihydroxy-1,4-naphthoquinone",O=C1C=CC(=O)c2c(O)ccc(O)c21,3400000000.0
773,"2-Methyl-1,4-naphthoquinone",CC1=CC(=O)c2ccccc2C1=O,5500000000.0
774,"Tetrafluoro-1,4-benzoquinone",O=C1C(F)=C(F)C(=O)C(F)=C1F,3900000000.0
777,methacrylonitrile,C=C(C)C#N,12000000000.0
778,"1,4-Pentadien-3-ol",C=CC(O)C=C,10000000000.0
779,"2,4-Hexadien-1-ol",CC=CC=CCO,9790000000.0
780,3-Hexen-1-ol,CCC=CCCO,7410000000.0
781,allyl alcohol,C=CCO,5900000000.0
782,Hexachlorocyclopentadiene,ClC1=C(Cl)C(Cl)(Cl)C(Cl)=C1Cl,899000000.0
783,"1,1-Dichloroethylene",C=C(Cl)Cl,6810000000.0
784,"1,2-Dichloroethylene",ClC=CCl,3800000000.0
785,Chloroethylene,C=CCl,12000000000.0
786,dichloroethylene (cis),Cl/C=C\Cl,3800000000.0
787,dichloroethylene (trans),Cl/C=C/Cl,4400000000.0
790,Acetylene,C#C,4500000000.0
791,"2,5-Dimethyl-3-hexyne-2,5-diol",CC(C)(O)C#CC(C)(C)O,3300000000.0
792,"2-Butyne-1,4-diol",OCC#CCO,1600000000.0
793,"1,1'-Azobis(N,N-dimethylformide) (Diamide)",CN(C)C(=O)N=NC(=O)N(C)C,4200000000.0
795,"n,n-dimethyl acetamide",CC(=O)N(C)C,3500000000.0
797,N-Acetylglycylglycinamide,CC(=O)NCC(=O)NCC(N)=O,859000000.0
807,2-hydroxypropionamide,CC(O)C(N)=O,1300000000.0
808,"2-thioxo-2,3-dihydropyrimidin-4(1H)-one",O=c1cc[nH]c(=S)[nH]1,9600000000.0
809,Cytosine,Nc1cc[nH]c(=O)n1,6300000000.0
810,5-Azacytosine,Nc1nc[nH]c(=O)n1,2100000000.0
811,5-Azauracil ,O=c1nc[nH]c(=O)[nH]1,7000000000.0
812,6-Azacytosine,Nc1cn[nH]c(=O)n1,4500000000.0
813,6-Azathymine,Cc1n[nH]c(=O)[nH]c1=O,2800000000.0
814,6-Azauracil,O=c1cn[nH]c(=O)[nH]1,4500000000.0
815,Lidocaine,CCN(CC)CC(=O)Nc1c(C)cccc1C,16000000000.0
816,Procainamide,CCN(CC)CCNC(=O)c1ccc(N)cc1,14000000000.0
819,diazepam,CN1C(=O)CN=C(c2ccccc2)c2cc(Cl)ccc21,7190000000.0
820,Glycylphenylalanine,NCC(=O)N[C@@H](Cc1ccccc1)C(=O)O,6190000000.0
821,Glycyltyrosine,NCC(=O)N[C@@H](Cc1ccc(O)cc1)C(=O)O,6000000000.0
822,Glycyltyrosylglycine,NCC(=O)N[C@@H](Cc1ccc(O)cc1)C(=O)NCC(=O)O,7290000000.0
823,aspartame,COC(=O)C(Cc1ccccc1)NC(=O)C(N)CC(=O)O,5230000000.0
824,Acebutolol,CCCC(=O)Nc1ccc(OCC(O)CNC(C)C)c(C(C)=O)c1,4570000000.0
825,Benzylpenicilloic acid,CC1(C)SC(C(NC(=O)Cc2ccccc2)C(=O)O)NC1C(=O)O,7100000000.0
826,Folic acid,Nc1nc2ncc(CNc3ccc(C(=O)N[C@@H](CCC(=O)O)C(=O)O)cc3)nc2c(=O)[nH]1,9590000000.0
827,Glutamine,NC(=O)CC[C@H](N)C(=O)O,540000000.0
828,Glycylalanine,C[C@H](NC(=O)CN)C(=O)O,350000000.0
829,Glycylglycine,NCC(=O)NCC(=O)O,260000000.0
830,Glycylglycylglycine,NCC(=O)NCC(=O)NCC(=O)O,729000000.0
831,Glycylglycylglycylglycine,NCC(=O)NCC(=O)NCC(=O)NCC(=O)O,2000000000.0
832,Glycyl-alanine,NCC(=O)NCCC(=O)O,661000000.0
833,Glycylisoleucine,CC[C@H](C)[C@H](NC(=O)CN)C(=O)O,3100000000.0
834,Glycylleucine,CC(C)C[C@H](NC(=O)CN)C(=O)O,2500000000.0
835,Glycylnorleucine,CCCC[C@H](NC(=O)CN)C(=O)O,4300000000.0
836,Glycylnorvaline,CCC[C@H](NC(=O)CN)C(=O)O,2800000000.0
837,Glycylsarcosine,CN(CC(=O)O)C(=O)CN,1300000000.0
838,Glycylvaline,CC(C)[C@H](NC(=O)CN)C(=O)O,1600000000.0
839,Alanylglycine,C[C@H](N)C(=O)NCC(=O)O,390000000.0
840,Ophthalmic acid,CC[C@H](N)C(=O)N(CC(=O)O)C(=O)CC[C@H](N)C(=O)O,6900000000.0
841,Desferrioxamine B,CC(=O)N(O)CCCCCNC(=O)CCC(=O)N(O)CCCCCNC(=O)CCC(=O)N(O)CCCCCN,13000000000.0
842,Citrulline,NC(=O)NCCC[C@H](N)C(=O)O,1200000000.0
843,Ergothioneine,C[N+](C)(C)C(Cc1c[nH]c(=S)[nH]1)C(=O)[O-],12000000000.0
844,DL-Asparagine,NC(=O)CC(N)C(=O)O,49000000.0
845,Anserine,Cn1cncc1C[C@H](NC(=O)CCN)C(=O)O,4200000000.0
846,Carnosine,NCCC(=O)N[C@@H](Cc1cnc[nH]1)C(=O)O,3200000000.0
847,Homocarnosine,NCCCC(=O)NC(Cc1cnc[nH]1)C(=O)O,2100000000.0
848,Burimamide,CNC(=S)NCCCCc1cnc[nH]1,12000000000.0
849,ronidazole,Cn1c([N+](=O)[O-])cnc1COC(N)=O,2250000000.0
850,Mifentidine,CC(C)N=CNc1ccc(-c2cnc[nH]2)cc1,300000000.0
851,4-[[(2-Aminoethyl)thio]methyl]-5-methylimidazole,Cc1[nH]cnc1CSCCN,12000000000.0
852,1-(2-Hydroxy-3-methoxypropyl)-2-nitroimidazole,COCC(O)Cn1ccnc1[N+](=O)[O-],7100000000.0
853,Cimetidine,CN/C(=N\C#N)NCCSCc1nc[nH]c1C,12000000000.0
854,climbazole,CC(C)(C)C(=O)C(Oc1ccc(Cl)cc1)n1ccnc1,12400000000.0
855,"3,7-Dimethyl-1-(5-oxohexyl)xanthine",CC(=O)CCCCn1c(=O)c2c(ncn2C)n(C)c1=O,7690000000.0
860,3-Acetamidobenzoic acid,CC(=O)Nc1cccc(C(=O)O)c1,5370000000.0
861,Luminol,Nc1cccc2c(=O)[nH][nH]c(=O)c12,8990000000.0
864,Metolachlor,CCc1cccc(C)c1N(C(=O)CCl)C(C)COC,6760000000.0
866,Chloramphenicol,O=C(NC(CO)C(O)c1ccc([N+](=O)[O-])cc1)C(Cl)Cl,5790000000.0
867,Diethyltoluamide ,CCc1ccc(C)c(C(N)=O)c1CC,4950000000.0
869,"2,3-Dihydro-5-hydroxy-1,4-phthalazinedione",O=c1[nH][nH]c(=O)c2c(O)cccc12,12000000000.0
872,Chlortoluron,Cc1ccc(NC(=O)N(C)C)cc1Cl,6920000000.0
873,Bezafibrate,CC(C)(Oc1ccc(CCNC(=O)c2ccc(Cl)cc2)cc1)C(=O)O,7940000000.0
874,Thalamyd,CC(=O)NS(=O)(=O)c1ccc(NC(=O)c2ccccc2C(=O)O)cc1,6300000000.0
875,Carbofuran,CNC(=O)Oc1cccc2c1OC(C)(C)C2,3200000000.0
876,primidone,CCC1(c2ccccc2)C(=O)NCNC1=O,5210000000.0
877,Flavine mononucleotide,Cc1cc2nc3c(=O)[nH]c(=O)nc-3n(CC(O)C(O)C(O)COP(=O)(O)O)c2cc1C,2500000000.0
881,Iopromide,COCC(=O)Nc1c(I)c(C(=O)NCC(O)CO)c(I)c(C(=O)N(C)CC(O)CO)c1I,3310000000.0
882,N-Acetylserine (L),CC(=O)N[C@@H](CO)C(=O)O,760000000.0
883,2-Mercaptopropionylglycine,CC(S)C(=O)NCC(=O)O,4700000000.0
884,L-Methionylglycyl-L-methionyl-L-methionine,CSCC[C@H](N)C(=O)NCC(=O)N[C@@H](CCSC)C(=O)N[C@@H](CCSC)C(=O)O,12000000000.0
885,L-Methionyl-L-methionyl-L-methionine,CSCC[C@H](N)C(=O)N[C@@H](CCSC)C(=O)N[C@@H](CCSC)C(=O)O,10000000000.0
886,Dihydro-6-methyluracil,CC1CC(=O)NC(=O)N1,1300000000.0
887,1-Ethyl-2-pyrrolidinone,CCN1CCCC1=O,2600000000.0
888,1-Methyl-2-pyrrolidinone,CN1CCCC1=O,2600000000.0
889,2-Pyrrolidinone,O=C1CCCN1,2200000000.0
890,"5,6-Dihydrouracil",O=C1CCNC(=O)N1,1200000000.0
891,2-Acetamido-2-deoxy-D-galactopyranose,CC(=O)N[C@H]1C(O)O[C@H](CO)[C@H](O)[C@@H]1O,1600000000.0
892,2-Acetamido-2-deoxy-Î±-D-glucopyranose,CC(=O)N[C@H]1[C@@H](O)O[C@H](CO)[C@@H](O)[C@@H]1O,3100000000.0
893,Amikacin,NCC[C@H](O)C(=O)N[C@@H]1C[C@H](N)[C@@H](O[C@H]2O[C@H](CN)[C@@H](O)[C@H](O)[C@H]2O)[C@H](O)[C@H]1O[C@H]1O[C@H](CO)[C@@H](O)[C@H](N)[C@H]1O,7240000000.0
894,3-Methyluridine,Cn1c(=O)ccn([C@@H]2O[C@H](CO)[C@@H](O)[C@H]2O)c1=O,5600000000.0
895,Uridine,O=c1ccn([C@@H]2O[C@H](CO)[C@@H](O)[C@H]2O)c(=O)[nH]1,4100000000.0
896,Thymidine 5'-monophosphate,Cc1cn([C@H]2C[C@H](O)[C@@H](COP(=O)(O)O)O2)c(=O)[nH]c1=O,5200000000.0
897,Uridine 5'-monophosphate,O=c1ccn([C@@H]2O[C@H](COP(=O)(O)O)[C@@H](O)[C@H]2O)c(=O)[nH]1,4500000000.0
898,Nicotinamide mononucleotide,NC(=O)c1ccc[n+]([C@@H]2O[C@H](COP(=O)([O-])O)[C@@H](O)[C@H]2O)c1,1500000000.0
899,"1,3-Dimethylxanthine",Cn1c(=O)c2[nH]cnc2n(C)c1=O,6300000000.0
900,"3,7-Dimethylxanthine",Cn1cnc2c1c(=O)[nH]c(=O)n2C,5790000000.0
901,caffeine,Cn1c(=O)c2c(ncn2C)n(C)c1=O,6900000000.0
902,Oxypurinol,O=c1nc2[nH][nH]cc-2c(=O)[nH]1,5000000000.0
903,xanthine,O=c1[nH]c(=O)c2[nH]cnc2[nH]1,5200000000.0
904,Uric acid,O=c1[nH]c(=O)c2[nH]c(=O)[nH]c2[nH]1,7190000000.0
907,Nicotinamide-N-oxide,O=C([NH2+][O-])c1cccnc1,2100000000.0
908,3-pyridinecarboxyamide,NC(=O)Cc1cccnc1,1400000000.0
909,Biotin,O=C(O)CCCC[C@@H]1SC[C@@H]2NC(=O)N[C@H]12,3800000000.0
911,Captopril,C[C@H](CS)C(=O)N1CCC[C@H]1C(=O)O,28000000000.0
912,Epicaptopril,CC(CS)C(=O)N1CCCC1C(=O)O,24000000000.0
913,N-Acetylcysteine,CC(=O)N[C@@H](CS)C(=O)O,10000000000.0
914,Methyl 2-(dimethylamino)-N-[[(methylamino)carbonyl]oxy]-2-oxoethanimidothioate,CNC(=O)ON=C(SC)C(=O)N(C)C,2000000000.0
915,Aldicarb,CNC(=O)O/N=C/C(C)(C)SC,8130000000.0
917,dibromoacetamide,NC(=O)C(Br)Br,57900000.0
918,trichloroacetamide,NC(=O)C(Cl)(Cl)Cl,2100000.0
919,bromochloroacetamide,NC(=O)C(Cl)Br,66100000.0
920,N-Bromosuccinimide,O=C1CCC(=O)N1Br,500000000.0
937,"2,2,6,6-Tetramethylpiperidine N-oxyl",CC1(C)CCCC(C)(C)N1[O],3400000000.0
938,O-methylhydroxylamine,CON,14000000000.0
939,Benzidine,Nc1ccc(-c2ccc(N)cc2)cc1,15000000000.0
941,"1,2,3-Benztriazole",c1ccc2[nH]nnc2c1,7600000000.0
943,Azobenzene,c1ccc(N=Nc2ccccc2)cc1,20000000000.0
944,diphenylamine,c1ccc(Nc2ccccc2)cc1,10000000000.0
945,tetramethylthionine chloride   ,CN(C)c1ccc2nc3ccc(N(C)C)cc3[s+]c2c1,12000000000.0
946,"2,3,5-Triphenyltetrazolium",c1ccc(C2=NN(c3ccccc3)N(c3ccccc3)[NH2+]2)cc1,7100000000.0
947,"2,3-Dimethyl-1-phenyl-3-pyrazolin-5-one",Cc1cc(=O)n(-c2ccccc2)n1C,12000000000.0
948,DL-Phenylalanine,NC(Cc1ccccc1)C(=O)O,6900000000.0
949,Enrofloxacin ,CCN1CCN(c2cc3c(cc2F)c(=O)c(C(=O)O)cn3C2CC2)CC1,7940000000.0
950,Indoline,c1ccc2c(c1)CCN2,38000000000.0
951,Kynurenine,Nc1ccccc1C(=O)CC(N)C(=O)O,13000000000.0
952,3-Hydroxykynurenine,Nc1c(O)cccc1C(=O)CC(N)C(=O)O,12000000000.0
953,Tyrosine,N[C@@H](Cc1ccc(O)cc1)C(=O)O,13000000000.0
954,Flumequine,CC1CCc2cc(F)cc3c(=O)c(C(=O)O)cn1c23,8320000000.0
955,diclofenac,O=C(O)Cc1ccccc1Nc1c(Cl)cccc1Cl,7500000000.0
956,Xylenol Orange,Cc1cc(C2(c3cc(C)c(O)c(CN(CC(=O)O)CC(=O)O)c3)OS(=O)(=O)c3ccccc32)cc(CN(CC(=O)O)CC(=O)O)c1O,24000000000.0
957,venlafaxine,COc1ccc(C(CN(C)C)C2(O)CCCCC2)cc1,8630000000.0
960,Silybin,COc1cc(C2Oc3cc(C4Oc5cc(O)cc(O)c5C(=O)C4O)ccc3OC2CO)ccc1O,18000000000.0
961,Adrenalone,CNCC(=O)c1ccc(O)c(O)c1,18000000000.0
962,Fenoterol,CC(Cc1ccc(O)cc1)[NH2+]CC(O)c1cc(O)cc(O)c1,3890000000.0
963,l-Ephedrine,CN[C@@H](C)[C@H](O)c1ccccc1,2300000000.0
965,salbutamol,CC(C)(C)NCC(O)c1ccc(O)c(CO)c1,2620000000.0
966,Adrenaline,CNCC(O)c1ccc(O)c(O)c1,22000000000.0
967,"6-Hydroxy-1,4-dimethylcarbazole",Cc1ccc(C)c2c1[nH]c1ccc(O)cc12,15000000000.0
968,sulfamonomethoxine,COc1cc(NS(=O)(=O)c2ccc(N)cc2)ncn1,9260000000.0
969, sulfadimethoxypyrimidine,COc1cc(NS(=O)(=O)c2ccc(N)cc2)nc(OC)n1,8140000000.0
970,sulfamethoxypyridazine,COc1ccc(NS(=O)(=O)c2ccc(N)cc2)nn1,6210000000.0
971,Sulfadiazine,Nc1ccc(S(=O)(=O)Nc2ncccn2)cc1,8780000000.0
972,Sulfamerazine,Cc1ccnc(NS(=O)(=O)c2ccc(N)cc2)n1,7760000000.0
973,Sulfamethazine ,Cc1cc(C)nc(NS(=O)(=O)c2ccc(N)cc2)n1,8320000000.0
974,Sulfamethizole,Cc1nnc(NS(=O)(=O)c2ccc(N)cc2)s1,7940000000.0
975,Sulfamethoxazole,Cc1cc(NS(=O)(=O)c2ccc(N)cc2)no1,8510000000.0
976,Sulfathiazole,Nc1ccc(S(=O)(=O)Nc2nccs2)cc1,7800000000.0
977,sulfisoxazole,Cc1noc(NS(=O)(=O)c2ccc(N)cc2)c1C,7350000000.0
978,DL-Lysine,NCCCCC(N)C(=O)O,350000000.0
979,Iminodiacetic acid,O=C(O)CNCC(=O)O,49000000.0
980,nitrilotriacetic acid,O=C(O)CN(CC(=O)O)CC(=O)O,2100000000.0
981,Ornithine,NCCC[C@H](N)C(=O)O,75000000.0
982,2-Aminobutyric acid,CCC(N)C(=O)O,530000000.0
983,4-Aminobutyric acid,NCCCC(=O)O,440000000.0
984,DL-Alanine,CC(N)C(=O)O,76900000.0
985,DL-Isoleucine,CCC(C)C(N)C(=O)O,1800000000.0
986,DL-Leucine,CC(C)CC(N)C(=O)O,1700000000.0
987,DL-Valine,CC(C)C(N)C(=O)O,661000000.0
988,Alanine,NCCC(=O)O,110000000.0
989,Norleucine,CCCC[C@H](N)C(=O)O,2500000000.0
990,Norvaline,CCC[C@H](N)C(=O)O,1600000000.0
991,Selenocystine,N[C@@H](C[Se][Se]C[C@H](N)C(=O)O)C(=O)O,17000000000.0
992,Selenomethionine,C[Se]CC[C@H](N)C(=O)O,13000000000.0
993,Glutamic acid,N[C@@H](CCC(=O)O)C(=O)O,160000000.0
994,Glutathione,N[C@@H](CCC(=O)N[C@@H](CS)C(=O)NCC(=O)O)C(=O)O,23000000000.0
995,DL-Proline,O=C(O)C1CCCN1,650000000.0
996,Hydroxyproline,O=C(O)[C@@H]1C[C@@H](O)CN1,320000000.0
997,2-Hydroxyethylethylenediaminetriacetic acid,O=C(O)CN(CCO)CCN(CC(=O)O)CC(=O)O,11000000000.0
998,N-[Tris(hydroxymethyl)-methyl]glycine,O=C(O)CNC(CO)(CO)CO,2200000000.0
999,DL-Threonine,CC(O)C(N)C(=O)O,511000000.0
1000,Serine,N[C@@H](CO)C(=O)O,320000000.0
1001,domoic acid,C/C(=C/C=C/[C@@H](C)C(=O)O)[C@H]1CN[C@H](C(=O)O)[C@H]1CC(=O)O,9220000000.0
1002,kainic acid,C=C(C)[C@H]1CN[C@H](C(=O)O)[C@H]1CC(=O)O,2460000000.0
1003,S-Methylglutathione,CSC[C@H](NC(=O)CC[C@H](N)C(=O)O)C(=O)NCC(=O)O,800000000.0
1004,Glycylmethionine,CSCC[C@H](NC(=O)CN)C(=O)O,220000000.0
1005,Cystine,N[C@@H](CSSC[C@H](N)C(=O)O)C(=O)O,2100000000.0
1006,Methionine,CSCC[C@H](N)C(=O)O,7400000000.0
1007,S-Methylcysteine,CSC[C@H](N)C(=O)O,8000000000.0
1008,Selenodicysteine,O=C(O)[C@H](CS)N[Se]N[C@@H](CS)C(=O)O,8090000000.0
1009,Cysteine,N[C@@H](CS)C(=O)O,19000000000.0
1010,Penicillamine,CC(C)(S)[C@H](N)C(=O)O,3300000000.0
1011,2'-Deoxyadenosine,Nc1ncnc2c1ncn2[C@H]1C[C@H](O)[C@@H](CO)O1,4600000000.0
1012,Adenosine,Nc1ncnc2c1ncn2[C@@H]1O[C@H](CO)[C@@H](O)[C@H]1O,5200000000.0
1013,"N6,N6-Dimethyladenosine",CN(C)c1ncnc2c1ncn2[C@@H]1O[C@H](CO)[C@@H](O)[C@H]1O,6400000000.0
1014,N-Methyladenosine,CNc1ncnc2c1ncn2[C@@H]1O[C@H](CO)[C@@H](O)[C@H]1O,6000000000.0
1015,Adenosine 3'-monophosphate,Nc1ncnc2c1ncn2[C@@H]1O[C@H](CO)[C@@H](OP(=O)(O)O)[C@H]1O,7500000000.0
1016,Adenosine 5'-monophosphate,Nc1ncnc2c1ncn2[C@@H]1O[C@H](COP(=O)(O)O)[C@@H](O)[C@H]1O,4700000000.0
1017,Adenosine diphosphate,Nc1ncnc2c1ncn2[C@@H]1O[C@H](COP(=O)(O)OP(=O)(O)O)[C@@H](O)[C@H]1O,8090000000.0
1018,Adenosine triphosphate,Nc1ncnc2c1ncn2[C@@H]1O[C@H](COP(=O)(O)OP(=O)(O)OP(=O)(O)O)[C@@H](O)[C@H]1O,8890000000.0
1019,Deoxyguanosine monophosphate,Nc1nc2c(ncn2[C@H]2C[C@H](O)[C@@H](COP(=O)(O)O)O2)c(=O)[nH]1,6810000000.0
1020,6-Dimethylaminopurine,CN(C)c1ncnc2nc[nH]c12,7100000000.0
1021,6-Methylaminopurine,CNc1ncnc2nc[nH]c12,5400000000.0
1022,9-Methyladenine,Cn1cnc2c(N)ncnc21,5700000000.0
1023,Adenine,Nc1ncnc2nc[nH]c12,5790000000.0
1024,2'-Deoxycytidine-5'-monophosphate,Nc1ccn([C@H]2C[C@H](O)[C@@H](COP(=O)(O)O)O2)c(=O)n1,4900000000.0
1025,Cytidine 5'-monophosphate,Nc1ccn([C@@H]2O[C@H](COP(=O)(O)O)[C@@H](O)[C@H]2O)c(=O)n1,4700000000.0
1026,5-Azacytidine,Nc1ncn([C@@H]2O[C@H](CO)[C@@H](O)[C@H]2O)c(=O)n1,2700000000.0
1027,Glycine anhydride,NCC(=O)OC(=O)CN,1000000000.0
1028,Glycine,NCC(=O)O,17000000.0
1029,Sarcosine anhydride,CNCC(=O)OC(=O)CNC,1700000000.0
1030,diethylnitramine,CCN(CC)[N+](=O)[O-],867000000.0
1031,Cyclonite,O=[N+]([O-])N1CN([N+](=O)[O-])CN([N+](=O)[O-])C1,1100000000.0
1032,methylethylnitramine,CCN(C)[N+](=O)[O-],760000000.0
1034,"2,2-Bis(hydroxymethyl)-2,2',2''-nitrilotriethanol",OCCN(CCO)C(CO)(CO)CO,3000000000.0
1037,Phosphorylethanolamine,NCCOP(=O)(O)O,899000000.0
1038,DBAP,CCOP(=O)(CN(CCO)CCO)OCC,15800000000.0
1039,Phosphorylcholine,C=P([O-])(O)OCC[N+](C)(C)C,640000000.0
1040,Tiotidine,CN=C(NC#N)NCCSCc1csc(N=C(N)N)n1,10000000000.0
1041,Famotidine,NC(N)=Nc1nc(CSCCC(N)=NS(N)(=O)=O)cs1,12000000000.0
1042,Sulfasuccidine,O=C(O)CCC(=O)Nc1ccc(S(=O)(=O)Nc2nccs2)cc1,4600000000.0
1043,"6-Chloro-N-ethyl-1,3,5-triazine-2,4-diamine",CCNc1nc(N)nc(Cl)n1,1800000000.0
1044,"6-Chloro-N-isopropyl-1,3,5-triazine-2,4-diamine",CC(C)Nc1nc(N)nc(Cl)n1,1200000000.0
1056,Biphenyl,c1ccc(-c2ccccc2)cc1,10000000000.0
1057,Cumene,CC(C)c1ccccc1,7500000000.0
1058,Diphenyl selenide,c1ccc([Se]c2ccccc2)cc1,11000000000.0
1059,Diphenyl telluride,c1ccc([Te]c2ccccc2)cc1,13000000000.0
1069,"1,2,3,4-Tetrahydro-1-naphthol",OC1CCCc2ccccc21,7000000000.0
1070,6-Aminophenalenone,Nc1ccc2c3c(cccc13)C(=O)C=C2,13000000000.0
1071,"Propyl 3,4,5-trihydroxybenzoate",CCCOC(=O)c1cc(O)c(O)c(O)c1,12000000000.0
1072,Triphenyltin hydroxide,O[Sn](c1ccccc1)(c1ccccc1)c1ccccc1,9400000000.0
1073,dibutyl phthalate,CCCCOC(=O)c1ccccc1C(=O)OCCCC,6300000000.0
1074,1-(2-amino-5-hydroxyphenyl)ethan-1-one,CC(=O)c1cc(O)ccc1N,8100000000.0
1075,"N-(3,4-dihydroxyphenyl)acetamide",CC(=O)Nc1ccc(O)c(O)c1,4700000000.0
1076,naproxen,COc1ccc2cc([C@H](C)C(=O)O)ccc2c1,4320000000.0
1078,Ibuprofen,CC(C)Cc1ccc(C(C)C(=O)O)cc1,7400000000.0
1079,Salicylic acid,O=C(O)c1ccccc1O,27000000000.0
1080,Carmine,Cc1c(C(=O)O)c(O)cc2c1C(=O)c1c(O)c([C@H]3O[C@H](CO)[C@@H](O)[C@H](O)[C@H]3O)c(O)c(O)c1C2=O,13000000000.0
1081,Butylbenzyl phthalate,CCCCC(OC(=O)c1ccccc1C(=O)O)c1ccccc1,3980000000.0
1082,Naproxen ,COc1ccc2cc(C(C)C(=O)O)ccc2c1,7590000000.0
1083,phenoxyacetic acid,O=C(O)COc1ccccc1,10000000000.0
1084,Gemfibrozil ,Cc1ccc(C)c(OCCCC(C)(C)C(=O)O)c1,7080000000.0
1085,Clofibric acid,CC(C)(Oc1ccc(Cl)cc1)C(=O)O,5250000000.0
1086,Dicamba,COc1c(Cl)ccc(Cl)c1C(=O)O,3470000000.0
1087,(4-Chloro-2-methylphenoxy)acetic acid,Cc1cc(Cl)ccc1OCC(=O)O,2500000000.0
1088,"2,4-dichlorophenoxy-acetic acid",O=C(O)COc1ccc(Cl)cc1Cl,6610000000.0
1090,4-Chlorobenzoic acid,O=C(O)c1ccc(Cl)cc1,5000000000.0
1091,pentafluorobenzoic acid,O=C(O)c1c(F)c(F)c(F)c(F)c1F,1100000000.0
1092,"2-(2,4,5-trichlorophenoxy)acetic acid",O=C(O)COc1cc(Cl)c(Cl)cc1Cl,3700000000.0
1093,Epigallocatechin gallate,O=C(O[C@@H]1Cc2c(O)cc(O)cc2O[C@@H]1c1cc(O)c(O)c(O)c1)c1cc(O)c(O)c(O)c1,17000000000.0
1094,"4,5,7-Trihydroxyflavanone",O=C1CC(c2ccc(O)cc2)Oc2cc(O)cc(O)c21,1500000000.0
1095,Dihydrofisetin,O=C1c2ccc(O)cc2O[C@H](c2ccc(O)c(O)c2)[C@H]1O,450000000.0
1096,D-Amygdalin,N#C[C@H](O[C@@H]1O[C@H](CO[C@@H]2O[C@H](CO)[C@@H](O)[C@H](O)[C@H]2O)[C@@H](O)[C@H](O)[C@H]1O)c1ccccc1,4600000000.0
1097,o-Nitrophenyl-beta-D-glucopyranoside,O=[N+]([O-])c1ccccc1OC1OC(CO)C(O)C(O)C1O,4200000000.0
1098,p-Nitrophenyl-beta-D-glucopyranoside,O=[N+]([O-])c1ccc(O[C@@H]2O[C@H](CO)[C@@H](O)[C@H](O)[C@H]2O)cc1,3800000000.0
1099,o-Tolyl-beta-D-glucopyranoside,Cc1ccccc1O[C@@H]1O[C@H](CO)[C@@H](O)[C@H](O)[C@H]1O,4700000000.0
1100,Phenyl-beta-D-glucopyranoside,OC[C@H]1O[C@@H](Oc2ccccc2)[C@H](O)[C@@H](O)[C@@H]1O,4400000000.0
1101,p-Hydroxyphenyl-beta-D-glucopyranoside,OCC1OC(Oc2ccc(O)cc2)C(O)C(O)C1O,3100000000.0
1102,p-Methoxyphenyl-beta-D-glucopyranoside,COc1ccc(O[C@@H]2O[C@H](CO)[C@@H](O)[C@H](O)[C@H]2O)cc1,10000000000.0
1103,p-Tolyl-l-D-glucopyranoside,Cc1ccc(O[C@@H]2O[C@H](CO)[C@@H](O)[C@H](O)[C@H]2O)cc1,3200000000.0
1104,Catechin,Oc1cc(O)c2c(c1)O[C@H](c1ccc(O)c(O)c1)[C@@H](O)C2,1300000000.0
1105,p-Chlorophenyl-beta-D-glucopyranoside,OC[C@H]1O[C@@H](Oc2ccc(Cl)cc2)[C@H](O)[C@@H](O)[C@@H]1O,5000000000.0
1106,Robinin,C[C@@H]1O[C@@H](Oc2cc(O)c3c(=O)c(O[C@@H]4O[C@H](CO[C@@H]5O[C@@H](C)[C@H](O)[C@@H](O)[C@H]5O)[C@H](O)[C@H](O)[C@H]4O)c(-c4ccc(O)cc4)oc3c2)[C@H](O)[C@H](O)[C@H]1O,1100000000.0
1107,Baicalin,O=C(O)[C@H]1O[C@@H](Oc2cc3oc(-c4ccccc4)cc(=O)c3c(O)c2O)[C@H](O)[C@@H](O)[C@@H]1O,1200000000.0
1109,"1,7-beta-Estradiol ",C[C@]12CC[C@@H]3c4ccc(O)cc4CC[C@H]3[C@@H]1CC[C@@H]2O,14100000000.0
1110,"1,7-alpha-Ethinylestradiol",C#C[C@]1(O)CC[C@H]2[C@@H]3CCc4cc(O)ccc4[C@H]3CC[C@@]21C,4900000000.0
1124,"2,4-dimethoxyphenol",COc1ccc(O)c(OC)c1,26000000000.0
1128,Methoxychlor,COc1ccc(C(c2ccc(OC)cc2)C(Cl)(Cl)Cl)cc1,3890000000.0
1129,Triclosan,Oc1cc(Cl)ccc1Oc1ccc(Cl)cc1Cl,6030000000.0
1132,benzophenone,O=C(c1ccccc1)c1ccccc1,8990000000.0
1134,4-nitroacetophenone,CC(=O)c1ccc([N+](=O)[O-])cc1,3300000000.0
1140,1-(p-Cyanophenyl)ethanol,CC(O)c1ccc(C#N)cc1,2500000000.0
1141,p-fluorobenzonitrile,N#Cc1ccc(F)cc1,3500000000.0
1142,nitrobenzene,O=[N+]([O-])c1ccccc1,3900000000.0
1144,"2,4-Dinitrotoluene",Cc1ccc([N+](=O)[O-])cc1[N+](=O)[O-],1410000000.0
1145,"2,6-Dinitrotoluene ",Cc1c([N+](=O)[O-])cccc1[N+](=O)[O-],1510000000.0
1146,3-Nitrotoluene ,Cc1cccc([N+](=O)[O-])c1,8130000000.0
1147,4-Nitrotoluene,Cc1ccc([N+](=O)[O-])cc1,8510000000.0
1148,4-nitrophenol,O=[N+]([O-])c1ccc(O)cc1,3800000000.0
1150,2-Nitrophenol,O=[N+]([O-])c1ccccc1O,5890000000.0
1152,Parathion,CCOP(=S)(OCC)Oc1ccc([N+](=O)[O-])cc1,9770000000.0
1153,Phenyl-N-tert-butylnitrone,CC(C)(C)[N+]([O-])=Cc1ccccc1,8590000000.0
1154,1-chloro-4-nitrobenzene,O=[N+]([O-])c1ccc(Cl)cc1,1300000000.0
1155,"1-Chloro-2,4-dinitrobenzene",O=[N+]([O-])c1ccc(Cl)c([N+](=O)[O-])c1,813000000.0
1159,phenylethanol,CC(O)c1ccccc1,11000000000.0
1164,"4-(1,2-Dihydroxyethyl)-1,2-benzenediol",OCC(O)c1ccc(O)c(O)c1,16000000000.0
1165,"4-tert-Butyl-1,2-dihydroxybenzene",CC(C)(C)c1ccc(O)c(O)c1,7600000000.0
1168,Bisphenol A,CC(C)(c1ccc(O)cc1)c1ccc(O)cc1,6920000000.0
1170,1-(p-Ethylphenyl)ethanol,CCc1ccc(C(C)O)cc1,13000000000.0
1176,"2,6-Di-tert-butyl-4-methylphenol",Cc1cc(C(C)(C)C)c(O)c(C(C)(C)C)c1,3240000000.0
1178,"3,4-Dihydroxytoluene",Cc1ccc(O)c(O)c1,16000000000.0
1182,1-Phenyl-3-butanol,CC(O)CCc1ccccc1,20000000000.0
1183,"2,2-Dimethyl-1-phenyl-1-propanol",CC(C)(C)C(O)c1ccccc1,9910000000.0
1185,2-Methyl-1-phenyl-2-propanol,CC(C)(O)Cc1ccccc1,17000000000.0
1187,2-Phenyl-2-propanol,CC(C)(O)c1ccccc1,4600000000.0
1192,Dicofol,OC(c1ccc(Cl)cc1)(c1ccc(Cl)cc1)C(Cl)(Cl)Cl,3720000000.0
1193, 1-(p-Bromophenyl)ethanol,CC(O)c1ccc(Br)cc1,6100000000.0
1201,CDPP,Cc1ccc(OP(=O)(Oc2ccccc2)Oc2ccccc2)cc1,7520000000.0
1202,DPhP,O=P(O)(Oc1ccccc1)Oc1ccccc1,12500000000.0
1203,ToCP,Cc1ccccc1OP(=O)(Oc1ccccc1C)Oc1ccccc1C,3790000000.0
1204,TpCP,Cc1ccc(OP(=O)(Oc2ccc(C)cc2)Oc2ccc(C)cc2)cc1,1810000000.0
1205,TPhP,O=P(Oc1ccccc1)(Oc1ccccc1)Oc1ccccc1,8870000000.0
1206,"1,2-Dimethylindole",Cc1cc2ccccc2n1C,10000000000.0
1207,"1,3-Dimethylindole",Cc1cn(C)c2ccccc12,11000000000.0
1210,2-Methylindole,Cc1cc2ccccc2[nH]1,34000000000.0
1212,5-Methylindole,Cc1ccc2[nH]ccc2c1,17000000000.0
1213,5-Nitroindole,O=[N+]([O-])c1ccc2[nH]ccc2c1,10000000000.0
1214,5-Hydroxyindole,Oc1ccc2[nH]ccc2c1,17000000000.0
1215,5-Bromoindole,Brc1ccc2[nH]ccc2c1,16000000000.0
1216,5-Chloroindole,Clc1ccc2[nH]ccc2c1,20000000000.0
1217,Indole,c1ccc2[nH]ccc2c1,32000000000.0
1218,5-Methoxyindole,COc1ccc2[nH]ccc2c1,15000000000.0
1219,5-Cyanoindole,N#Cc1ccc2[nH]ccc2c1,11000000000.0
1220,PyrroleÂ ,c1cc[nH]c1,15000000000.0
1221,Glycyltryptophan,NCC(=O)N[C@@H](Cc1c[nH]c2ccccc12)C(=O)O,12000000000.0
1222,DL-Tryptophan,NC(Cc1c[nH]c2ccccc12)C(=O)O,13000000000.0
1223, 5-Aminoindole,Nc1ccc2[nH]ccc2c1,33000000000.0
1227,Pentafluoroiodobenzene,Fc1c(F)c(F)c(I)c(F)c1F,1000000000.0
1230,"1,3,4-Trichlorotoluene",ClCc1ccc(Cl)c(Cl)c1,2500000000.0
1248,Tetrachlorotoluene,Clc1cccc(Cl)c1C(Cl)Cl,4900000000.0
1255,3-Chlorobenzotrifluoride ,FC(F)(F)c1cccc(Cl)c1,2000000000.0
1257,3-methylbutyric acid,CC(C)CC(=O)O,1400000000.0
1259,butyric acid,CCCC(=O)O,2200000000.0
1260,Poly(acrylic acid),CCC(C)C(=O)O,89900000.0
1261,propionic acid,CCC(=O)O,320000000.0
1262,tri-methyl-acetic acid,CC(C)(C)C(=O)O,650000000.0
1263,adipic acid,O=C(O)CCCCC(=O)O,2000000000.0
1264,azelaic acid,O=C(O)CCCCCCCC(=O)O,5400000000.0
1265,citric acid,O=C(O)CC(O)(CC(=O)O)C(=O)O,50000000.0
1266,glutaric acid,O=C(O)CCCC(=O)O,830000000.0
1267,malonic acid,O=C(O)CC(=O)O,24000000.0
1268,Pimelic acid,O=C(O)CCCCCC(=O)O,3500000000.0
1269,sebacic acid,O=C(O)CCCCCCCCC(=O)O,6400000000.0
1270,suberic acid,O=C(O)CCCCCCC(=O)O,4800000000.0
1271,succinic acid,O=C(O)CCC(=O)O,110000000.0
1272,Endothall,O=C(O)C1C2CCC(O2)C1C(=O)O,1500000000.0
1273,Ethyl hydrogen adipate,CCOC(=O)CCCCC(=O)O,3000000000.0
1274,2-methoxy-2-methylpropanoic acid,COC(C)(C)C(=O)O,773000000.0
1275,2-hydroxybutyric acid,CCC(O)C(=O)O,1300000000.0
1276,glycolic acid,O=C(O)CO,540000000.0
1277,lactic acid,CC(O)C(=O)O,430000000.0
1278,malic acid,O=C(O)CC(O)C(=O)O,820000000.0
1279,tartaric acid,O=C(O)C(O)C(O)C(=O)O,700000000.0
1280,Tartronic acid,O=C(O)C(O)C(=O)O,170000000.0
1281,bromoacetic acid,O=C(O)CBr,200000000.0
1282,bromochloroacetic acid,O=C(O)C(Cl)Br,120000000.0
1283,bromodichloroacetic acid,O=C(O)C(Cl)(Cl)Br,47000000.0
1284,Dalapon,CC(Cl)(Cl)C(=O)O,72400000.0
1285,dibromoacetic acid,O=C(O)C(Br)Br,160000000.0
1286,dibromochloroacetic acid,O=C(O)C(Cl)(Br)Br,87900000.0
1287,dichloroacetic acid,O=C(O)C(Cl)Cl,130000000.0
1288,tribromoacetic acid,O=C(O)C(Br)(Br)Br,92000000.0
1289,chloroacetic acid,O=C(O)CCl,43000000.0
1290,Ceftazidime,CC(C)(O/N=C(\C(=O)N[C@@H]1C(=O)N2C(C(=O)[O-])=C(C[n+]3ccccc3)CS[C@H]12)c1csc(N)n1)C(=O)O,7910000000.0
1291,Methicillin,COc1cccc(OC)c1C(=O)NC1C(=O)N2C1SC(C)(C)C2C(=O)O,10000000000.0
1292,Penicillin G,CC1(C)S[C@@H]2[C@H](NC(=O)Cc3ccccc3)C(=O)N2[C@H]1C(=O)O,7940000000.0
1293,Penicillin V ,CC1(C)S[C@@H]2[C@H](NC(=O)COc3ccccc3)C(=O)N2[C@H]1C(=O)[O-],8710000000.0
1294,Cephalexin,CC1=C(C(=O)O)N2C(=O)[C@@H](NC(=O)[C@H](N)c3ccccc3)[C@H]2SC1,8510000000.0
1295,Amoxicillin ,CC1(C)S[C@@H]2[C@H](NC(=O)[C@H](N)c3ccc(O)cc3)C(=O)N2[C@H]1C(=O)O,6920000000.0
1296,Tylosin,CC[C@H]1OC(=O)C[C@@H](O)[C@H](C)[C@@H](O[C@@H]2O[C@H](C)[C@@H](O[C@H]3C[C@@](C)(O)[C@@H](O)[C@H](C)O3)[C@H](N(C)C)[C@H]2O)[C@@H](CC=O)C[C@@H](C)C(=O)/C=C/C(C)=C/[C@@H]1CO[C@@H]1O[C@H](C)[C@@H](O)[C@@H](OC)[C@H]1OC,8130000000.0
1297,Glycyrrhizin,CC1(C)[C@@H](O[C@H]2O[C@H](C(=O)O)[C@@H](O)[C@H](O)[C@H]2O[C@@H]2O[C@H](C(=O)O)[C@@H](O)[C@H](O)[C@H]2O)CC[C@@]2(C)[C@H]1CC[C@]1(C)[C@@H]2C(=O)C=C2[C@@H]3C[C@@](C)(C(=O)O)CC[C@]3(C)CC[C@]21C,2600000000.0
1298,"Protoporphyrin IX, dimethyl ester",C=Cc1c(C)c2cc3[nH]c(cc4nc(cc5nc(cc1[nH]2)C(C)=C5CCC(=O)OC)C(CCC(=O)OC)=C4C)c(C)c3C=C,60000000000.0
1299,Hematoporphyrin IX,CC1=C(CCC(=O)O)c2cc3nc(cc4[nH]c(cc5[nH]c(cc1n2)c(C)c5C(C)O)c(C)c4C(C)O)C(C)=C3CCC(=O)O,13000000000.0
1300,Azithromycin,CC[C@H]1OC(=O)[C@H](C)[C@@H](O[C@H]2C[C@@](C)(OC)[C@@H](O)[C@H](C)O2)C(C)[C@@H](O[C@@H]2O[C@H](C)C[C@H](N(C)C)[C@H]2O)[C@](C)(O)C[C@@H](C)CN(C)[C@H](C)[C@@H](O)[C@]1(C)O,2880000000.0
1301,Roxithromycin,CC[C@H]1OC(=O)[C@H](C)[C@@H](OC2CC(C)(OC)C(O)C(C)O2)[C@H](C)[C@@H](OC2OC(C)CC(N(C)C)C2O)[C@](C)(O)C[C@@H](C)/C(=N\OCOCCOC)[C@H](C)[C@@H](O)[C@]1(C)O,5370000000.0
1302,Coenzyme A,CC(C)(COP(=O)(O)OP(=O)(O)OC[C@H]1O[C@@H](n2cnc3c(N)ncnc32)[C@H](O)[C@@H]1OP(=O)(O)O)[C@@H](O)C(=O)NCCC(=O)NCCS,3100000000.0
1308,"4,7,13,16,21-Pentaoxa-1,10-diazabicyclo[8.8.5]tricosane",C1COCCN2CCOCCOCCN(CCO1)CCOCC2,5110000000.0
1309,"4,7,13,16,21,24-Hexaoxa-1,10-diazabicyclo[8.8.8]hexacosane",C1COCCN2CCOCCOCCN(CCO1)CCOCCOCC2,5900000000.0
1314,"2,2-Dimethyl-1,3-dioxolane",CC1(C)OCCO1,2100000000.0
1316,"2,4,6-Trimethyl-1,3,5-trioxane",CC1OC(C)OC(C)O1,2200000000.0
1319,Tetrahydropyran,C1CCOCC1,2000000000.0
1320,Trioxane,C1COOOC1,1500000000.0
1321,"2-(Chloromethyl)-1,3-dioxolane",ClCC1OCCO1,3500000000.0
1322,L-Ascorbate 2-glucoside,O=C1C(O[C@H]2O[C@H](CO)[C@@H](O)[C@H](O)[C@H]2O)=C(O)O[C@@H]1[C@@H](O)CO,4000000000.0
1323,2-O-Methyl-L-ascorbic acid,COC1=C(O)[C@@H]([C@@H](O)CO)OC1=O,2700000000.0
1324,3-O-Methyl-L-ascorbic acid,COC1=C(O)C(=O)O[C@@H]1[C@@H](O)CO,30000000000.0
1325,Ascorbic acid,O=C1O[C@H]([C@@H](O)CO)C(O)=C1O,8200000000.0
1326,Lincomycin,CCC[C@@H]1C[C@@H](C(=O)N[C@H]([C@@H](C)O)[C@H]2O[C@H](SC)[C@H](O)[C@@H](O)[C@H]2O)N(C)C1,8510000000.0
1327,Î²-Methylglucoside,COC1OC(CO)C(O)C(O)C1O,3200000000.0
1328,Methylgalactoside,CO[C@@H]1O[C@H](CO)[C@H](O)[C@H](O)[C@H]1O,1600000000.0
1329,Lactose,OC[C@H]1OC(O)[C@H](O)[C@@H](O)[C@@H]1O[C@@H]1O[C@H](CO)[C@H](O)[C@H](O)[C@H]1O,3100000000.0
1330,Maltose,OCC1OC(OC2C(CO)OC(O)C(O)C2O)C(O)C(O)C1O,2300000000.0
1331,Melibiose,OCC1OC(OCC2OC(O)C(O)C(O)C2O)C(O)C(O)C1O,3800000000.0
1332,Methyl-D-arabinopyranoside,CO[C@H]1OC[C@@H](O)[C@@H](O)[C@@H]1O,2400000000.0
1333,Methyl-beta-D-xylopyranoside,COC1OCC(O)C(O)C1O,2600000000.0
1334,Stachyose,OC[C@H]1O[C@@](CO)(O[C@H]2O[C@H](CO[C@H]3O[C@H](CO[C@H]4O[C@H](CO)[C@H](O)[C@H](O)[C@H]4O)[C@H](O)[C@H](O)[C@H]3O)[C@@H](O)[C@H](O)[C@H]2O)[C@@H](O)[C@@H]1O,1100000000.0
1335,Sucrose,OC[C@H]1O[C@H](O[C@]2(CO)O[C@H](CO)[C@@H](O)[C@@H]2O)[C@H](O)[C@@H](O)[C@@H]1O,2300000000.0
1336,Glucose-1-phosphate,O=P(O)(O)OC1OC(CO)C(O)C(O)C1O,1400000000.0
1337,Camphor,CC12CCC(CC1=O)C2(C)C,4100000000.0
1338,Norpseudopelletierine-N-oxyl ,[O]N1C2CCCC1CC(=O)C2,4500000000.0
1339,2-Deoxy-D-galactosamine,N[C@H]1C(O)O[C@H](CO)[C@H](O)[C@@H]1O,1200000000.0
1340,D-Glucuronolactone,O=C[C@H](O)[C@H]1OC(=O)[C@@H](O)[C@H]1O,1700000000.0
1341,2'-Deoxycytidine,Nc1ccn([C@H]2C[C@H](O)[C@@H](CO)O2)c(=O)n1,6000000000.0
1342,3'-Uridine monophosphate,O=c1ccn([C@@H]2O[C@H](CO)[C@@H](OP(=O)(O)O)[C@H]2O)c(=O)[nH]1,6700000000.0
1343,Cytidine 3'-monophosphate,Nc1ccn([C@@H]2O[C@H](CO)[C@@H](OP(=O)(O)O)[C@H]2O)c(=O)n1,6500000000.0
1344,Deoxyuridine monophosphate,O=c1ccn([C@H]2C[C@H](O)[C@@H](COP(=O)(O)O)O2)c(=O)[nH]1,2900000000.0
1345,6-Azauridine,O=c1cnn([C@@H]2O[C@H](CO)[C@@H](O)[C@H]2O)c(=O)[nH]1,7190000000.0
1346,Orotidine,O=C(O)c1cc(=O)[nH]c(=O)n1[C@@H]1O[C@H](CO)[C@@H](O)[C@H]1O,4000000000.0
1347,Orotidine monophosphate,O=C(O)c1cc(=O)[nH]c(=O)n1[C@@H]1O[C@H](COP(=O)(O)O)[C@@H](O)[C@H]1O,4800000000.0
1348,Crocin,CC(/C=C/C=C(\C)C(=O)O[C@@H]1O[C@H](CO[C@@H]2O[C@H](CO)[C@@H](O)[C@H](O)[C@H]2O)[C@@H](O)[C@H](O)[C@H]1O)=C\C=C\C=C(C)\C=C\C=C(/C)C(=O)O[C@@H]1O[C@H](CO[C@@H]2O[C@H](CO)[C@@H](O)[C@H](O)[C@H]2O)[C@@H](O)[C@H](O)[C@H]1O,29000000000.0
1350,InositolÂ ,OC1C(O)C(O)C(O)C(O)C1O,1400000000.0
1351,2-Methylisoborneol,CC1(O)CC2CCC1(C)C2(C)C,4300000000.0
1353,Alanine anhydride,C[C@H](N)C(=O)OC(=O)[C@H](C)N,1200000000.0
1355,Diethyl succinate,CCOC(=O)CCC(=O)OCC,780000000.0
1357,Ethyl butyrate,CCCC(=O)OCC,1600000000.0
1359,isopropyl acetate,CC(=O)OC(C)C,450000000.0
1361,Methyl butyrate,CCCC(=O)OC,1700000000.0
1364,Acetyl peroxide,CC(=O)OOC(C)=O,60000000.0
1365,Succinyl peroxide,O=C1CCC(=O)OO1,80000000.0
1366,Methyl methoxyacetate,COCC(=O)OC,1800000000.0
1368,"Diethyl 2,2'-thiobisacetate",CCOC(=O)CSCC(=O)OCC,1200000000.0
1369,"Dimethyl 2,2'-thiobisacetate",COC(=O)CSCC(=O)OC,23000000000.0
1370,"Dimethyl 3,3'-thiodipropionate",COC(=O)CCSCCC(=O)OC,18000000000.0
1371,Methylthiomethyl acetate,CSCOC(C)=O,6700000000.0
1381,Ethylene glycol diethyl ether,CCOCCOCC,2300000000.0
1385,2-Methoxy-2-methyl-1-propanol,COC(C)(C)CO,839000000.0
1389,"2,2-Dichloro-1,1-difluoro-1-methoxyethane",COC(F)(F)C(Cl)Cl,83000000.0
1390,"2-Chloro-1,1,2-trifluoro-1-(difluoromethoxy)ethane",FC(F)OC(F)(F)C(F)Cl,9510000.0
1391,"2-Chloro-1,1-dimethoxyethane",COC(CCl)OC,1500000000.0
1392,5-Phenylfurfural,O=Cc1ccc(-c2ccccc2)o1,5900000000.0
1393,furaldehyde,O=Cc1ccco1,7800000000.0
1394,5-methylfurfural,Cc1ccc(C=O)o1,7190000000.0
1395,5-nitro-2-furaldehyde,O=Cc1ccc([N+](=O)[O-])o1,5500000000.0
1396,5-hydroxymethylfurfuryl,O=Cc1ccc(CO)o1,5790000000.0
1397,5-bromofurfural,O=Cc1ccc(Br)o1,3900000000.0
1398,Furadantin,O=C1CN(/N=C/c2ccc([N+](=O)[O-])o2)C(=O)N1,9290000000.0
1399,Furamazone,NC(=O)C(=O)N/N=C/c1ccc([N+](=O)[O-])o1,10000000000.0
1400,nifuroxime,O=[N+]([O-])c1ccc(C=NO)o1,10000000000.0
1401,2-methylfuran,Cc1ccco1,19000000000.0
1402,Furan,c1ccoc1,3900000000.0
1403,2-acetyl furan,CC(=O)c1ccco1,4500000000.0
1404,furfuryl alcohol,OCc1ccco1,15000000000.0
1405,2-phenylfuran,c1ccc(-c2ccco2)cc1,16000000000.0
1406,5-nitrofuroic acid,O=C(O)c1ccc([N+](=O)[O-])o1,5300000000.0
1407,5-Nitro-2-furaldehyde semicarbazone,NC(=O)NN=Cc1ccc([N+](=O)[O-])o1,11000000000.0
1408,furoin,O=C(c1ccco1)C(O)c1ccco1,13000000000.0
1409,2-furancarboxamide,NC(=O)c1ccco1,5500000000.0
1410,6-Methoxypurine-9-riboside,COc1ncnc2c1ncn2C1OC(CO)C(O)C1O,2600000000.0
1411,Inosine,OC[C@H]1O[C@@H](n2cnc3c(O)ncnc32)[C@H](O)[C@@H]1O,4800000000.0
1412,Adenosine 5'-diphosphoribose,Nc1ncnc2c1ncn2[C@@H]1O[C@H](COP(=O)(O)OP(=O)(O)OC[C@H]2OC(O)[C@H](O)[C@@H]2O)[C@@H](O)[C@H]1O,4200000000.0
1413,Inosine monophosphate,O=P(O)(O)OC[C@H]1O[C@@H](n2cnc3c(O)ncnc32)[C@H](O)[C@@H]1O,2600000000.0
1414,2'-Deoxyadenosine-5'-monophosphate,Nc1ncnc2c1ncn2[C@H]1C[C@H](O)[C@@H](COP(=O)(O)O)O1,3500000000.0
1415,Deoxyinosine monophosphate,O=P(O)(O)OC[C@H]1O[C@@H](n2cnc3c(O)ncnc32)C[C@@H]1O,7400000000.0
1416,Guanosine,Nc1nc2c(ncn2[C@@H]2O[C@H](CO)[C@@H](O)[C@H]2O)c(=O)[nH]1,8000000000.0
1417,Guanosine 3'-monophosphate,Nc1nc2c(ncn2[C@@H]2O[C@H](CO)[C@@H](OP(=O)(O)O)[C@H]2O)c(=O)[nH]1,11000000000.0
1418,Guanosine 5'-monophosphate,Nc1nc2c(ncn2[C@@H]2O[C@H](COP(=O)(O)O)[C@@H](O)[C@H]2O)c(=O)[nH]1,4700000000.0
1419,guanine,Nc1nc2nc[nH]c2c(=O)[nH]1,9200000000.0
1420,Hypoxanthine,O=c1[nH]cnc2nc[nH]c12,6500000000.0
1421,isoguanine,Nc1[nH]c(=O)nc2nc[nH]c12,12000000000.0
1422,2-Hydroxypurine,Oc1ncc2[nH]cnc2n1,5000000000.0
1423,2-Mercaptobenzimidazole,Sc1nc2ccccc2[nH]1,8000000000.0
1424,6-MethoxypurineÂ ,COc1ncnc2nc[nH]c12,2000000000.0
1425,DL-Histidine,NC(Cc1c[nH]cn1)C(=O)O,4800000000.0
1426,Histidylhistidine,N[C@@H](Cc1c[nH]cn1)C(=O)N[C@@H](Cc1c[nH]cn1)C(=O)O,8990000000.0
1427,Histamine,NCCc1c[nH]cn1,5600000000.0
1429,Bis(imidazol-2-yl)methane,c1c[nH]c(Cc2ncc[nH]2)n1,9290000000.0
1430,imidazole,c1c[nH]cn1,3900000000.0
1431,dimetridazole,Cc1ncc([N+](=O)[O-])n1C,3650000000.0
1432,1-(2-Hydroxyethyl)-2-methyl-5-nitromidazole,Cc1ncc([N+](=O)[O-])n1CCO,5500000000.0
1433,ornidazole,Cc1ncc([N+](=O)[O-])n1CC(O)CCl,2660000000.0
1434,tinidazole,CCS(=O)(=O)CCn1c([N+](=O)[O-])cnc1C,2740000000.0
1435,2-Mercapto-1-methylimidazole,Cn1ccnc1S,11000000000.0
1441,Diethyl malonate,CCOC(=O)CC(=O)OCC,650000000.0
1442,methyl-iso-butyl ketone,CC(=O)CC(C)C,2100000000.0
1443,3-hydroxy-2-butanone,CC(=O)C(C)O,2900000000.0
1444,D-Fructose,O=C(CO)[C@@H](O)[C@H](O)[C@H](O)CO,1600000000.0
1445,Dicyandiamide,N#CN=C(N)N,7190000.0
1447,cyanogen,N#CC#N,10000000.0
1450,Bromoacetonitrile,N#CCBr,40000000.0
1451,bromochloroacetonitrile,N#CC(Cl)Br,110000000.0
1452,Chloroacetonitrile,N#CCCl,30000000.0
1453,dibromoacetonitrile,N#CC(Br)Br,38000000.0
1454,dichloroacetonitrile,N#CC(Cl)Cl,25000000.0
1455,Trichloroacetonitrile,N#CC(Cl)(Cl)Cl,39000000.0
1456,1-nitropropane,CCC[N+](=O)[O-],250000000.0
1458,bromochloronitromethane,O=[N+]([O-])C(Cl)Br,420000000.0
1459,bromodichloronitromethane ,O=[N+]([O-])C(Cl)(Cl)Br,130000000.0
1460,bromonitromethane,O=[N+]([O-])CBr,83600000.0
1461,chloronitromethane,O=[N+]([O-])CCl,194000000.0
1462,dibromochloronitromethane ,O=[N+]([O-])C(Cl)(Br)Br,150000000.0
1463,dibromonitromethane,O=[N+]([O-])C(Br)Br,475000000.0
1464,dichloronitromethane,O=[N+]([O-])C(Cl)Cl,512000000.0
1465,tribromonitromethane,O=[N+]([O-])C(Br)(Br)Br,150000000.0
1466,trichloronitromethane,O=[N+]([O-])C(Cl)(Cl)Cl,80000000.0
1468,3-Nitro-2-(4-nitrophenoxy)thiophene,O=[N+]([O-])c1ccc(Oc2sccc2[N+](=O)[O-])cc1,1300000000.0
1469,Trifluralin,CCCN(CCC)c1c([N+](=O)[O-])cc(C(F)(F)F)cc1[N+](=O)[O-],1290000000.0
1472,N-nitrosohexamethyleneimine,O=[N+]([O-])N1CCCCCC1,4350000000.0
1478,N-Nitrosoethylbutylamine,CCCCNCCN=O,3100000000.0
1479,2-Methyl-2-nitrosopropane,CC(C)(C)N=O,2500000000.0
1481,"N,N-Dimethyl-4-nitrosoaniline",CN(C)c1ccc(N=O)cc1,14000000000.0
1490,"2,3-butanediol",CC(O)C(C)O,1300000000.0
1508,Arabinitol,OC[C@@H](O)C(O)[C@H](O)CO,1800000000.0
1509,Erythritol,OC[C@H](O)[C@H](O)CO,1500000000.0
1511,Mannitol,OC[C@@H](O)[C@@H](O)[C@H](O)[C@H](O)CO,2500000000.0
1513,PentaerythritolÂ ,OCC(CO)(CO)CO,3300000000.0
1520,"Fructose-1,6-diphosphate",O=C(COP(=O)(O)O)[C@@H](O)[C@H](O)[C@H](O)COP(=O)(O)O,8090000000.0
1521,Fructose-1-phosphate,O=C(COP(=O)(O)O)[C@@H](O)[C@H](O)[C@H](O)CO,5110000000.0
1522,Fructose-6-phosphate,O=C(CO)[C@@H](O)[C@H](O)[C@H](O)COP(=O)(O)O,8990000000.0
1523,Deoxyribose 5-phosphate,O=CC[C@H](O)[C@H](O)COP(=O)(O)O,2100000000.0
1524,Glucose-6-phosphate,O=C[C@H](O)[C@@H](O)[C@H](O)[C@H](O)COP(=O)(O)O,1400000000.0
1525,Glyceraldehyde-3-phosphate,O=CC(O)COP(=O)(O)O,9100000000.0
1526,Ribose-5-phosphate,O=C[C@H](O)[C@H](O)[C@H](O)COP(=O)(O)O,1300000000.0
1527,N-(Phosphonomethyl)glycine,O=C(O)CNCP(=O)(O)O,150000000.0
1528,Phosphoserine,N[C@@H](COP(=O)(O)O)C(=O)O,2000000000.0
1529,TBEP,CCCCOCCOP(=O)(OCCOCCCC)OCCOCCCC,8220000000.0
1530,DEEP,CCOP(=O)(CC)OCC,1040000000.0
1531,DEHP,CCCCC(CC)COP(=O)(O)OCC(CC)CCCC,15100000000.0
1532,diethyl methylphosphonate,CCOP(C)(=O)OCC,600000000.0
1533,dimethyl methylphosphonate ,COP(C)(=O)OC,200000000.0
1534,DnBP,CCCCOP(=O)(O)OCCCC,6120000000.0
1535,TEP,CCOP(=O)(OCC)OCC,986000000.0
1536,TnBP,CCCCOP(=O)(OCCCC)OCCCC,7030000000.0
1537,trimethyl phosphate,COP(=O)(OC)OC,120000000.0
1538,TTP,CCCOP(=O)(OCCC)OCCC,2820000000.0
1539,malathion,CCOC(=O)CC(SP(=S)(OC)OC)C(=O)OCC,3890000000.0
1540,fenthion,COP(=S)(OC)Oc1ccc(SC)c(C)c1,2200000000.0
1541,ethion,CCOP(=S)(OCC)SCSP(=S)(OCC)OCC,2930000000.0
1542,"O,O-diethyl phosphorochloridothioate",CCOP(=S)(Cl)OCC,2510000000.0
1543,"O,O-diethyl phosphorofluoridothioate",CCOP(F)(=S)OCC,1890000000.0
1544,"O,O-diethyl S-hydrogen phosphorodithioate",CCOP(=S)(S)OCC,9860000000.0
1545,"O,O,S-triethyl phosphorodithioate",CCOP(=S)(OCC)SCC,3110000000.0
1546,"O,O-diethyl O-(2,2,2-trifluoroethyl) phosphorothioate",CCOP(=S)(OCC)OCC(F)(F)F,1350000000.0
1547,"O,O,O-triethyl phosphorothioate",CCOP(=S)(OCC)OCC,2370000000.0
1548,"O,O-diethyl phosphoramidothioate",CCOP(N)(=S)OCC,1940000000.0
1549,"O,O-diethyl methylphosphonothioate",CCOP(C)(=S)OCC,6440000000.0
1550,Chlorfenvinphos,CCOP(=O)(OCC)O/C(=C\Cl)c1ccc(Cl)cc1Cl,3200000000.0
1551,fensulfothion,CCOP(=S)(OCC)Oc1ccc(S(C)=O)cc1,11000000000.0
1553,T23Br,O=P(OCC(Br)CBr)(OCC(Br)CBr)OCC(Br)CBr,465000000.0
1554,TCIPP,CC(CCl)OP(=O)(OC(C)CCl)OC(C)CCl,352000000.0
1555,TDCPP,O=P(OC(CCl)CCl)(OC(CCl)CCl)OC(CCl)CCl,432000000.0
1556,V6,O=P(OCCCl)(OCCCl)OCC(CCl)(CCl)COP(=O)(OCCCl)OCCCl,593000000.0
1559,"3,6-Diaminoacridine (Proflavine)",Nc1ccc2cc3ccc(N)cc3nc2c1,10000000000.0
1560,"3,6-Diamino-2,7-dimethyl-9-phenylacridine",Cc1cc2c(-c3ccccc3)c3cc(C)c(N)cc3nc2cc1N,14000000000.0
1561,Amodiaquine,CCN(CC)Cc1cc(Nc2ccnc3cc(Cl)ccc23)ccc1O,6000000000.0
1563,Quinidine,C=C[C@H]1CN2CC[C@H]1C[C@@H]2[C@@H](O)c1ccnc2ccc(OC)cc12,18000000000.0
1564,Quinine,C=C[C@H]1CN2CC[C@H]1C[C@H]2[C@H](O)c1ccnc2ccc(OC)cc12,7690000000.0
1568,"2,2'-bipyridine",c1ccc(-c2ccccn2)nc1,6190000000.0
1570,"2,4,6-Trimethylpyridinium",Cc1cc(C)[nH+]c(C)c1,2000000000.0
1574,"3,5-Dimethylpyridinium",Cc1c[nH+]cc(C)c1,1700000000.0
1576,3-Methylpyridine-N-oxide,Cc1ccc[n+]([O-])c1,4200000000.0
1577,"4,4'-bipyridine",c1cc(-c2ccncc2)ccn1,5300000000.0
1578,4-Methylpyridine-N-oxide,Cc1cc[n+]([O-])cc1,2800000000.0
1579,Pyridine,c1ccncc1,3000000000.0
1580,Pyridine-N-oxide,[O-][n+]1ccccc1,3000000000.0
1582,"1,10-Phenanthroline-5,6-dione",O=C1C(=O)c2cccnc2-c2ncccc21,3100000000.0
1583,2-pyridone,O=c1cccc[nH]1,6500000000.0
1584,"1,10-Phenanthroline",c1cnc2c(c1)ccc1cccnc12,7000000000.0
1585,Pyridoxamine-5-phosphate,Cc1ncc(COP(=O)(O)O)c(CN)c1O,6900000000.0
1586,Nicotinylglycine,O=C(O)CNCc1cccnc1,1100000000.0
1587," 4-Amino-3,5,6-trichloro-2-pyridinecarboxylic acid",Nc1c(Cl)c(Cl)nc(C(=O)O)c1Cl,3400000000.0
1588,Thiopurinol,Sc1ncnc2[nH]ncc12,12000000000.0
1589,2-Amino-4-hydroxy-6-methylpyrimidine,Cc1cc(O)nc(N)n1,6000000000.0
1590,Dipyridamole,OCCN(CCO)c1nc(N2CCCCC2)c2nc(N(CCO)CCO)nc(N3CCCCC3)c2n1,14000000000.0
1592,Piroxicam,CN1/C(=C(/O)Nc2ccccn2)C(=O)c2ccccc2S1(=O)=O,17000000000.0
1593,Pyridoxal 5-phosphate,Cc1ncc(COP(=O)(O)O)c(C=O)c1O,6810000000.0
1594,Nalidixic acid,CCn1cc(C(=O)O)c(=O)c2ccc(C)nc21,6740000000.0
1597,"2,4,6-Trimethyl-3-hydroxypyridine",Cc1cc(C)c(O)c(C)n1,2500000000.0
1598,"4,6-Dihydroxy-2-methylpyrimidine",Cc1nc(O)cc(O)n1,7400000000.0
1599,"4,6-Dihydroxy-5-methylpyrimidine",Cc1c(O)ncnc1O,4200000000.0
1600,"4,6-Dihydroxypyrimidine",Oc1cc(O)ncn1,5700000000.0
1601,4-pyridinol,Oc1ccncc1,11000000000.0
1606,Methylhomocysteine thiolactone,CC1(N)CCSC1=O,2800000000.0
1608,Tetrahydrothiophene,C1CCSC1,14000000000.0
1613,Di-tert-butyl disulfide,CC(C)(C)SSC(C)(C)C,6500000000.0
1614,Di(1-methylethyl) disulfide,CC(C)SSC(C)C,20000000000.0
1617,"3,3'-Thiodipropanol",OCCCSCCCO,14000000000.0
1618,Diphenyl sulfide,c1ccc(Sc2ccccc2)cc1,13000000000.0
1619,thiodiacetic acid,O=C(O)CSCC(=O)O,6000000000.0
1621,Hypotaurine,NCCS(=O)O,12000000000.0
1622,diphenyl sulfoxide,O=S(c1ccccc1)c1ccccc1,6300000000.0
1623,Benzene-sulfonamide,NS(=O)(=O)c1ccccc1,2800000000.0
1624,Ethyl phenyl sulfoxide,CCS(=O)c1ccccc1,8390000000.0
1625,methyl phenyl sulfoxide,CS(=O)c1ccccc1,9710000000.0
1626,Isopropyl phenyl sulfoxide,CC(C)S(=O)c1ccccc1,10000000000.0
1627,Methyl methylthiomethyl sulfoxide,CSCS(C)=O,4800000000.0
1629,tetramethylene sulfoxide,O=S1CCCC1,7000000000.0
1630,Di(tert-butyl) sulfoxide,CC(C)(C)S(=O)C(C)(C)C,5300000000.0
1631,di-butyl-sulfoxide,CCCCS(=O)CCCC,8000000000.0
1632,Diethyl sulfoxide,CCS(=O)CC,6500000000.0
1633,diisopropyl sulfoxide,CC(C)S(=O)C(C)C,6810000000.0
1634,Dimethyl sulfoxide,CS(C)=O,6500000000.0
1635,Dipropyl sulfoxide,CCCS(=O)CCC,6300000000.0
1636,Sulfacetamide,CC(=O)NS(=O)(=O)c1ccc(N)cc1,9290000000.0
1637,Di(2-hydroxyethyl) sulfoxide,O=S(CCO)CCO,5300000000.0
1638,Ranitidine,CCCCCCCCCC(CCCCCCCC(=O)OC)OS(=O)(=O)[O-],6190000000.0
1639,Vinyl sulfone,C=CS(=O)(=O)C=C,4100000000.0
1640,methyl isothiocyanate,CN=C=S,569000000.0
1641,"N-ethyl-1,1,2,2,3,3,4,4,5,5,6,6,7,7,8,8,8-heptadecafluoro-N-(2-hydroxyethyl)octane-1-sulfonamide",CCN(CCO)S(=O)(=O)C(F)(F)C(F)(F)C(F)(F)C(F)(F)C(F)(F)C(F)(F)C(F)(F)C(F)(F)F,1050000000.0
1642,N-ethyl-N-((perfluorooctyl)sulfonyl)glycinate,CCN(CC(=O)[O-])S(=O)(=O)C(F)(F)C(F)(F)C(F)(F)C(F)(F)C(F)(F)C(F)(F)C(F)(F)C(F)(F)F,680000000.0
1643,"N-ethyl-1,1,2,2,3,3,4,4,5,5,6,6,7,7,8,8,8-heptadecafluorooctane-1-sulfonamide",CCNS(=O)(=O)C(F)(F)C(F)(F)C(F)(F)C(F)(F)C(F)(F)C(F)(F)C(F)(F)C(F)(F)F,680000000.0
1644,((perfluorooctyl)sulfonyl)glycinate,O=C([O-])CNS(=O)(=O)C(F)(F)C(F)(F)C(F)(F)C(F)(F)C(F)(F)C(F)(F)C(F)(F)C(F)(F)F,530000000.0
1645,4-hydroxybenzenesulfonic acid,O=S(=O)(O)c1ccc(O)cc1,4000000000.0
1646,4-methylbenzenesulfonic acid,Cc1ccc(S(=O)(=O)O)cc1,820000000.0
1647,4-chlorobenzenesulfonic acid,O=S(=O)(O)c1ccc(Cl)cc1,200000000.0
1648,4-aminobenzenesulfonic acid,Nc1ccc(S(=O)(=O)O)cc1,2900000000.0
1649,acid red 1,CC(=O)Nc1cc(S(=O)(=O)[O-])cc2cc(S(=O)(=O)[O-])c(/N=N/c3ccccc3)c(O)c12,3900000000.0
1651,2-[(3-Aminopropyl)amino]ethanethiol,NCCCNCCS,8390000000.0
1653,dithiothreitol,O[C@H](CS)[C@H](O)CS,15000000000.0
1654,mercapto ethanol,CC(O)S,6810000000.0
1655,Thiophene,c1ccsc1,8200000000.0
1656,"2,2'-Bithiophene",c1csc(-c2cccs2)c1,16000000000.0
1657,"2,5-Dimethylthiophene",Cc1ccc(C)s1,7190000000.0
1658,2-Methylthiophene,Cc1cccs1,3200000000.0
1659,3-Methylthiophene,Cc1ccsc1,3200000000.0
1660,"2-Iodo-3,5-dinitrothiophene",O=[N+]([O-])c1cc([N+](=O)[O-])c(I)s1,2100000000.0
1664,Hexazinone,CN(C)c1nc(=O)n(C2CCCCC2)c(=O)n1C,910000000.0
1665,Atratone,CCNc1nc(NC(C)C)nc(OC)n1,3300000000.0
1666,Cyanazine,CCNc1nc(Cl)nc(NC(C)(C)C#N)n1,1900000000.0
1670,"N,N'-Diethylthiourea",CCNC(=S)NCC,800000000.0
1671,Selenourea,NC(N)=[Se],13000000000.0
1674,Thiosemicarbazide,NNC(N)=S,13000000000.0
1675,Thiourea,NC(N)=S,9790000000.0
1676,Phenylthiourea,NC(=S)Nc1ccccc1,3800000000.0
1679,"1,1,1-2-tetrachloro ethane",ClC(Cl)C(Cl)Cl,180000000.0
1686,"1,2-Dibromopropapne",CC(Br)CBr,670000000.0
1691,"1,4-Dibromobutane",BrCCCCBr,6500000000.0
1692,"1,5-Dibromopentane",BrCCCCCBr,8490000000.0
1693,"1,6-Dibromohexane",BrCCCCCCBr,17000000000.0
1695,1-Bromo-3-chloropropane,ClCCCBr,2000000000.0
1696,1-Bromobutane,CCCCBr,150000000.0
1697,1-Bromopentane,CCCCCBr,120000000.0
1698,1-Bromopropane,CCCBr,170000000.0
1700,1-Chloro-3-iodopropane,ClCCCI,4700000000.0
1703,2-Bromo-2-methylpropane,CC(C)(C)Br,220000000.0
1704,2-Bromobutane,CCC(C)Br,150000000.0
1705,bromochloroiodomethane ,ClC(Br)I,5600000000.0
1707,bromodiiodomethane,BrC(I)I,8200000000.0
1708,Bromoethane,CCBr,130000000.0
1711,chlorodiiodomethane,ClC(I)I,8200000000.0
1713,Chloroiodomethane,ClCI,4000000000.0
1714,dibromoiodomethane ,BrC(Br)I,6400000000.0
1716,dichloroiodomethane ,ClC(Cl)I,6500000000.0
1718,Diiodomethane,ICI,2100000000.0
1721,trichlorobromomethane,ClC(Cl)(Cl)Br,25000000.0
1722,trichloroiodomethane ,ClC(Cl)(Cl)I,3500000000.0
1723,triiodomethane ,IC(I)I,7190000000.0
